--
-- PostgreSQL database dump
--

-- Dumped from database version 17.2
-- Dumped by pg_dump version 17.2


--
-- Data for Name: proveedor; Type: TABLE DATA; Schema: public; Owner: postgres
--

INSERT INTO proveedor (id_proveedor, nombre_proveedor, telefono_proveedor, email_proveedor) VALUES (1, 'AROMATICOS DEL CENTRO', NULL, NULL);
INSERT INTO proveedor (id_proveedor, nombre_proveedor, telefono_proveedor, email_proveedor) VALUES (2, 'ORVAG', NULL, NULL);
INSERT INTO proveedor (id_proveedor, nombre_proveedor, telefono_proveedor, email_proveedor) VALUES (3, 'INNOVAPIEL', NULL, NULL);
INSERT INTO proveedor (id_proveedor, nombre_proveedor, telefono_proveedor, email_proveedor) VALUES (4, 'VARIOS', NULL, NULL);
INSERT INTO proveedor (id_proveedor, nombre_proveedor, telefono_proveedor, email_proveedor) VALUES (5, 'ALFA Y OMEGA', NULL, NULL);
INSERT INTO proveedor (id_proveedor, nombre_proveedor, telefono_proveedor, email_proveedor) VALUES (6, 'ESTERQUIM', NULL, NULL);
INSERT INTO proveedor (id_proveedor, nombre_proveedor, telefono_proveedor, email_proveedor) VALUES (7, 'CAROMSA', NULL, NULL);
INSERT INTO proveedor (id_proveedor, nombre_proveedor, telefono_proveedor, email_proveedor) VALUES (8, 'SEIBASA', NULL, NULL);
INSERT INTO proveedor (id_proveedor, nombre_proveedor, telefono_proveedor, email_proveedor) VALUES (9, 'MERKINTER', NULL, NULL);
INSERT INTO proveedor (id_proveedor, nombre_proveedor, telefono_proveedor, email_proveedor) VALUES (10, 'PRODUCTOS CURTIENTES', NULL, NULL);
INSERT INTO proveedor (id_proveedor, nombre_proveedor, telefono_proveedor, email_proveedor) VALUES (11, 'SAPAL', NULL, NULL);
INSERT INTO proveedor (id_proveedor, nombre_proveedor, telefono_proveedor, email_proveedor) VALUES (12, 'PERFUMERIA DE TACUBA 13', NULL, NULL);
INSERT INTO proveedor (id_proveedor, nombre_proveedor, telefono_proveedor, email_proveedor) VALUES (13, 'BIOLUTION', NULL, NULL);
INSERT INTO proveedor (id_proveedor, nombre_proveedor, telefono_proveedor, email_proveedor) VALUES (14, 'ABAQUIM', NULL, NULL);
INSERT INTO proveedor (id_proveedor, nombre_proveedor, telefono_proveedor, email_proveedor) VALUES (15, 'MATERIAS PRIMAS LA CONCEPCIÓN', NULL, NULL);
INSERT INTO proveedor (id_proveedor, nombre_proveedor, telefono_proveedor, email_proveedor) VALUES (16, 'AUROQUÍMICA', NULL, NULL);
INSERT INTO proveedor (id_proveedor, nombre_proveedor, telefono_proveedor, email_proveedor) VALUES (17, 'CONJUTO LAR', NULL, NULL);
INSERT INTO proveedor (id_proveedor, nombre_proveedor, telefono_proveedor, email_proveedor) VALUES (18, 'QUIMO CLEAN', NULL, NULL);
INSERT INTO proveedor (id_proveedor, nombre_proveedor, telefono_proveedor, email_proveedor) VALUES (19, 'OTRO', NULL, NULL);
INSERT INTO proveedor (id_proveedor, nombre_proveedor, telefono_proveedor, email_proveedor) VALUES (20, 'FERRETERIA SATELITE', NULL, NULL);
INSERT INTO proveedor (id_proveedor, nombre_proveedor, telefono_proveedor, email_proveedor) VALUES (21, 'CESAR HARINA', NULL, NULL);
INSERT INTO proveedor (id_proveedor, nombre_proveedor, telefono_proveedor, email_proveedor) VALUES (22, 'ESPECIALIDADES QUIM', NULL, NULL);
INSERT INTO proveedor (id_proveedor, nombre_proveedor, telefono_proveedor, email_proveedor) VALUES (23, 'N/A', NULL, NULL);
INSERT INTO proveedor (id_proveedor, nombre_proveedor, telefono_proveedor, email_proveedor) VALUES (24, 'SAN JORGE', NULL, NULL);
INSERT INTO proveedor (id_proveedor, nombre_proveedor, telefono_proveedor, email_proveedor) VALUES (25, 'IBERCHEM', NULL, NULL);
INSERT INTO proveedor (id_proveedor, nombre_proveedor, telefono_proveedor, email_proveedor) VALUES (26, 'FYF AROMATICS SA DE CV', NULL, NULL);
INSERT INTO proveedor (id_proveedor, nombre_proveedor, telefono_proveedor, email_proveedor) VALUES (27, 'AVANT', NULL, NULL);
INSERT INTO proveedor (id_proveedor, nombre_proveedor, telefono_proveedor, email_proveedor) VALUES (28, 'JAPROLI', NULL, NULL);
INSERT INTO proveedor (id_proveedor, nombre_proveedor, telefono_proveedor, email_proveedor) VALUES (29, 'PAPEL ORO', NULL, NULL);
INSERT INTO proveedor (id_proveedor, nombre_proveedor, telefono_proveedor, email_proveedor) VALUES (30, 'ABEJA REINA', NULL, NULL);
INSERT INTO proveedor (id_proveedor, nombre_proveedor, telefono_proveedor, email_proveedor) VALUES (31, 'PLASTI-CA', NULL, NULL);
INSERT INTO proveedor (id_proveedor, nombre_proveedor, telefono_proveedor, email_proveedor) VALUES (32, 'ECODELI CEDIS', NULL, NULL);
INSERT INTO proveedor (id_proveedor, nombre_proveedor, telefono_proveedor, email_proveedor) VALUES (33, 'REYMA', NULL, NULL);
INSERT INTO proveedor (id_proveedor, nombre_proveedor, telefono_proveedor, email_proveedor) VALUES (34, 'ELMO DESECHABLES', NULL, NULL);
INSERT INTO proveedor (id_proveedor, nombre_proveedor, telefono_proveedor, email_proveedor) VALUES (35, 'ECODELI ABASTOS', NULL, NULL);
INSERT INTO proveedor (id_proveedor, nombre_proveedor, telefono_proveedor, email_proveedor) VALUES (36, 'CENPLA', NULL, NULL);
INSERT INTO proveedor (id_proveedor, nombre_proveedor, telefono_proveedor, email_proveedor) VALUES (37, 'PLASTICOS LA ESTRELLA', NULL, NULL);
INSERT INTO proveedor (id_proveedor, nombre_proveedor, telefono_proveedor, email_proveedor) VALUES (38, 'DANIEL MORENO', NULL, NULL);
INSERT INTO proveedor (id_proveedor, nombre_proveedor, telefono_proveedor, email_proveedor) VALUES (39, 'Desconocido', NULL, NULL);


--
-- Data for Name: materiasprimas; Type: TABLE DATA; Schema: public; Owner: postgres
--

INSERT INTO materiasprimas (id_mp, proveedor, nombre_mp, unidad_medida_mp, cantidad_comprada_mp, estatus_mp, fecha_mp, costo_unitario_mp, tipo_moneda, total_mp) VALUES (124, 1, 'ACEITE DE PINO', 'KG', 1.000, false, '2025-03-19', 113.51, 'MXN', 113.51);
INSERT INTO materiasprimas (id_mp, proveedor, nombre_mp, unidad_medida_mp, cantidad_comprada_mp, estatus_mp, fecha_mp, costo_unitario_mp, tipo_moneda, total_mp) VALUES (125, 2, 'ACEITE DE SILICÓN', 'KG', 1.000, false, '2025-03-19', 146.65, 'MXN', 146.65);
INSERT INTO materiasprimas (id_mp, proveedor, nombre_mp, unidad_medida_mp, cantidad_comprada_mp, estatus_mp, fecha_mp, costo_unitario_mp, tipo_moneda, total_mp) VALUES (126, 3, 'ACEITE MINERAL', 'KG', 1.000, false, '2025-03-19', 35.38, 'MXN', 35.38);
INSERT INTO materiasprimas (id_mp, proveedor, nombre_mp, unidad_medida_mp, cantidad_comprada_mp, estatus_mp, fecha_mp, costo_unitario_mp, tipo_moneda, total_mp) VALUES (127, 4, 'ACEITE VEGETAL', 'KG', 1.000, false, '2025-03-19', 15.08, 'MXN', 15.08);
INSERT INTO materiasprimas (id_mp, proveedor, nombre_mp, unidad_medida_mp, cantidad_comprada_mp, estatus_mp, fecha_mp, costo_unitario_mp, tipo_moneda, total_mp) VALUES (128, 5, 'ACIDO ACÉTICO', 'KG', 1.000, false, '2025-03-19', 36.80, 'USD', 36.80);
INSERT INTO materiasprimas (id_mp, proveedor, nombre_mp, unidad_medida_mp, cantidad_comprada_mp, estatus_mp, fecha_mp, costo_unitario_mp, tipo_moneda, total_mp) VALUES (129, 6, 'ÁCIDO ACRÍLICO', 'KG', 1.000, false, '2025-03-19', 69.60, 'MXN', 69.60);
INSERT INTO materiasprimas (id_mp, proveedor, nombre_mp, unidad_medida_mp, cantidad_comprada_mp, estatus_mp, fecha_mp, costo_unitario_mp, tipo_moneda, total_mp) VALUES (130, 2, 'ÁCIDO CÍTRICO', 'KG', 1.000, false, '2025-03-19', 71.92, 'MXN', 71.92);
INSERT INTO materiasprimas (id_mp, proveedor, nombre_mp, unidad_medida_mp, cantidad_comprada_mp, estatus_mp, fecha_mp, costo_unitario_mp, tipo_moneda, total_mp) VALUES (131, 5, 'ÁCIDO CLORHÍDRICO (MURIATICO)', 'KG', 1.000, false, '2025-03-19', 13.92, 'MXN', 13.92);
INSERT INTO materiasprimas (id_mp, proveedor, nombre_mp, unidad_medida_mp, cantidad_comprada_mp, estatus_mp, fecha_mp, costo_unitario_mp, tipo_moneda, total_mp) VALUES (132, 7, 'ÁCIDO FÓRMICO', 'KG', 1.000, false, '2025-03-19', 37.70, 'MXN', 37.70);
INSERT INTO materiasprimas (id_mp, proveedor, nombre_mp, unidad_medida_mp, cantidad_comprada_mp, estatus_mp, fecha_mp, costo_unitario_mp, tipo_moneda, total_mp) VALUES (133, 8, 'ÁCIDO SULFÚRICO', 'KG', 1.000, false, '2025-03-19', 9.55, 'MXN', 9.55);
INSERT INTO materiasprimas (id_mp, proveedor, nombre_mp, unidad_medida_mp, cantidad_comprada_mp, estatus_mp, fecha_mp, costo_unitario_mp, tipo_moneda, total_mp) VALUES (135, 10, 'ACTASE NF 10', 'KG', 1.000, false, '2025-03-19', 48.17, 'USD', 48.17);
INSERT INTO materiasprimas (id_mp, proveedor, nombre_mp, unidad_medida_mp, cantidad_comprada_mp, estatus_mp, fecha_mp, costo_unitario_mp, tipo_moneda, total_mp) VALUES (136, 5, 'ADBS', 'KG', 1.000, false, '2025-03-19', 57.00, 'MXN', 57.00);
INSERT INTO materiasprimas (id_mp, proveedor, nombre_mp, unidad_medida_mp, cantidad_comprada_mp, estatus_mp, fecha_mp, costo_unitario_mp, tipo_moneda, total_mp) VALUES (138, 12, 'ALCOHOL DESTUFADO', 'KG', 1.000, false, '2025-03-19', 1190.48, 'MXN', 1190.48);
INSERT INTO materiasprimas (id_mp, proveedor, nombre_mp, unidad_medida_mp, cantidad_comprada_mp, estatus_mp, fecha_mp, costo_unitario_mp, tipo_moneda, total_mp) VALUES (139, 5, 'ALCOHOL ISOPROPILICO', 'KG', 1.000, false, '2025-03-19', 53.01, 'USD', 53.01);
INSERT INTO materiasprimas (id_mp, proveedor, nombre_mp, unidad_medida_mp, cantidad_comprada_mp, estatus_mp, fecha_mp, costo_unitario_mp, tipo_moneda, total_mp) VALUES (140, 6, 'ALCOHOL LAURICO 7 MOLES', 'KG', 1.000, false, '2025-03-19', 106.52, 'MXN', 106.52);
INSERT INTO materiasprimas (id_mp, proveedor, nombre_mp, unidad_medida_mp, cantidad_comprada_mp, estatus_mp, fecha_mp, costo_unitario_mp, tipo_moneda, total_mp) VALUES (141, 5, 'AMIDA DE COCO', 'KG', 1.000, false, '2025-03-19', 57.42, 'MXN', 57.42);
INSERT INTO materiasprimas (id_mp, proveedor, nombre_mp, unidad_medida_mp, cantidad_comprada_mp, estatus_mp, fecha_mp, costo_unitario_mp, tipo_moneda, total_mp) VALUES (142, 6, 'AMONIACO', 'KG', 1.000, false, '2025-03-19', 23.98, 'MXN', 23.98);
INSERT INTO materiasprimas (id_mp, proveedor, nombre_mp, unidad_medida_mp, cantidad_comprada_mp, estatus_mp, fecha_mp, costo_unitario_mp, tipo_moneda, total_mp) VALUES (143, 5, 'ANTIESPUMANTE', 'KG', 1.000, false, '2025-03-19', 94.01, 'MXN', 94.01);
INSERT INTO materiasprimas (id_mp, proveedor, nombre_mp, unidad_medida_mp, cantidad_comprada_mp, estatus_mp, fecha_mp, costo_unitario_mp, tipo_moneda, total_mp) VALUES (144, 14, 'AZUFRE', 'KG', 1.000, false, '2025-03-19', 46.75, 'MXN', 46.75);
INSERT INTO materiasprimas (id_mp, proveedor, nombre_mp, unidad_medida_mp, cantidad_comprada_mp, estatus_mp, fecha_mp, costo_unitario_mp, tipo_moneda, total_mp) VALUES (145, 13, 'BASIFICANTE', 'KG', 1.000, false, '2025-03-19', 26.68, 'MXN', 26.68);
INSERT INTO materiasprimas (id_mp, proveedor, nombre_mp, unidad_medida_mp, cantidad_comprada_mp, estatus_mp, fecha_mp, costo_unitario_mp, tipo_moneda, total_mp) VALUES (146, 5, 'BENZOATO DE SODIO', 'KG', 1.000, false, '2025-03-19', 99.57, 'USD', 99.57);
INSERT INTO materiasprimas (id_mp, proveedor, nombre_mp, unidad_medida_mp, cantidad_comprada_mp, estatus_mp, fecha_mp, costo_unitario_mp, tipo_moneda, total_mp) VALUES (147, 2, 'BETAINA DE COCO', 'KG', 1.000, false, '2025-03-19', 42.28, 'MXN', 42.28);
INSERT INTO materiasprimas (id_mp, proveedor, nombre_mp, unidad_medida_mp, cantidad_comprada_mp, estatus_mp, fecha_mp, costo_unitario_mp, tipo_moneda, total_mp) VALUES (148, 8, 'BICARBONATO DE SODIO', 'KG', 1.000, false, '2025-03-19', 13.37, 'USD', 13.37);
INSERT INTO materiasprimas (id_mp, proveedor, nombre_mp, unidad_medida_mp, cantidad_comprada_mp, estatus_mp, fecha_mp, costo_unitario_mp, tipo_moneda, total_mp) VALUES (149, 10, 'BIO B', 'KG', 1.000, false, '2025-03-19', 62.55, 'USD', 62.55);
INSERT INTO materiasprimas (id_mp, proveedor, nombre_mp, unidad_medida_mp, cantidad_comprada_mp, estatus_mp, fecha_mp, costo_unitario_mp, tipo_moneda, total_mp) VALUES (150, 2, 'BLANQUEADOR OPTICO', 'KG', 1.000, false, '2025-03-19', 947.12, 'MXN', 947.12);
INSERT INTO materiasprimas (id_mp, proveedor, nombre_mp, unidad_medida_mp, cantidad_comprada_mp, estatus_mp, fecha_mp, costo_unitario_mp, tipo_moneda, total_mp) VALUES (151, 5, 'BUTIL CELLOSOLVE', 'KG', 1.000, false, '2025-03-19', 55.10, 'MXN', 55.10);
INSERT INTO materiasprimas (id_mp, proveedor, nombre_mp, unidad_medida_mp, cantidad_comprada_mp, estatus_mp, fecha_mp, costo_unitario_mp, tipo_moneda, total_mp) VALUES (153, 17, 'CARBOPOL', 'KG', 1.000, false, '2025-03-19', 0.00, 'MXN', 0.00);
INSERT INTO materiasprimas (id_mp, proveedor, nombre_mp, unidad_medida_mp, cantidad_comprada_mp, estatus_mp, fecha_mp, costo_unitario_mp, tipo_moneda, total_mp) VALUES (154, 2, 'CLORURO DE BENZALCONIO', 'KG', 1.000, false, '2025-03-19', 134.42, 'MXN', 134.42);
INSERT INTO materiasprimas (id_mp, proveedor, nombre_mp, unidad_medida_mp, cantidad_comprada_mp, estatus_mp, fecha_mp, costo_unitario_mp, tipo_moneda, total_mp) VALUES (155, 15, 'COLORANTE AZUL', 'KG', 1.000, false, '2025-03-19', 601.74, 'MXN', 601.74);
INSERT INTO materiasprimas (id_mp, proveedor, nombre_mp, unidad_medida_mp, cantidad_comprada_mp, estatus_mp, fecha_mp, costo_unitario_mp, tipo_moneda, total_mp) VALUES (156, 15, 'COLORANTE MORADO', 'KG', 1.000, false, '2025-03-19', 601.74, 'MXN', 601.74);
INSERT INTO materiasprimas (id_mp, proveedor, nombre_mp, unidad_medida_mp, cantidad_comprada_mp, estatus_mp, fecha_mp, costo_unitario_mp, tipo_moneda, total_mp) VALUES (157, 15, 'COLORANTE NEGRO', 'KG', 1.000, false, '2025-03-19', 601.74, 'MXN', 601.74);
INSERT INTO materiasprimas (id_mp, proveedor, nombre_mp, unidad_medida_mp, cantidad_comprada_mp, estatus_mp, fecha_mp, costo_unitario_mp, tipo_moneda, total_mp) VALUES (158, 15, 'COLORANTE ROJO', 'KG', 1.000, false, '2025-03-19', 393.31, 'MXN', 393.31);
INSERT INTO materiasprimas (id_mp, proveedor, nombre_mp, unidad_medida_mp, cantidad_comprada_mp, estatus_mp, fecha_mp, costo_unitario_mp, tipo_moneda, total_mp) VALUES (159, 15, 'COLORANTE ROSA BRILLANTE', 'KG', 1.000, false, '2025-03-19', 1242.94, 'MXN', 1242.94);
INSERT INTO materiasprimas (id_mp, proveedor, nombre_mp, unidad_medida_mp, cantidad_comprada_mp, estatus_mp, fecha_mp, costo_unitario_mp, tipo_moneda, total_mp) VALUES (160, 15, 'COLORANTE ROSA PINK', 'KG', 1.000, false, '2025-03-19', 1473.20, 'MXN', 1473.20);
INSERT INTO materiasprimas (id_mp, proveedor, nombre_mp, unidad_medida_mp, cantidad_comprada_mp, estatus_mp, fecha_mp, costo_unitario_mp, tipo_moneda, total_mp) VALUES (161, 15, 'COLORANTE VERDE LIMÓN', 'KG', 1.000, false, '2025-03-19', 601.74, 'MXN', 601.74);
INSERT INTO materiasprimas (id_mp, proveedor, nombre_mp, unidad_medida_mp, cantidad_comprada_mp, estatus_mp, fecha_mp, costo_unitario_mp, tipo_moneda, total_mp) VALUES (162, 15, 'COLORANTE VERDE ESMERALDA', 'KG', 1.000, false, '2025-03-19', 765.60, 'MXN', 765.60);
INSERT INTO materiasprimas (id_mp, proveedor, nombre_mp, unidad_medida_mp, cantidad_comprada_mp, estatus_mp, fecha_mp, costo_unitario_mp, tipo_moneda, total_mp) VALUES (163, 18, 'DETERCON', 'KG', 1.000, false, '2025-03-19', 7.75, 'MXN', 7.75);
INSERT INTO materiasprimas (id_mp, proveedor, nombre_mp, unidad_medida_mp, cantidad_comprada_mp, estatus_mp, fecha_mp, costo_unitario_mp, tipo_moneda, total_mp) VALUES (164, 2, 'DIPROPILENGLICOL', 'KG', 1.000, false, '2025-03-19', 107.88, 'MXN', 107.88);
INSERT INTO materiasprimas (id_mp, proveedor, nombre_mp, unidad_medida_mp, cantidad_comprada_mp, estatus_mp, fecha_mp, costo_unitario_mp, tipo_moneda, total_mp) VALUES (165, 5, 'EDTA', 'KG', 1.000, false, '2025-03-19', 136.09, 'MXN', 136.09);
INSERT INTO materiasprimas (id_mp, proveedor, nombre_mp, unidad_medida_mp, cantidad_comprada_mp, estatus_mp, fecha_mp, costo_unitario_mp, tipo_moneda, total_mp) VALUES (166, 2, 'EMULSIÓN DE CERA DE CARNAUVA', 'KG', 1.000, false, '2025-03-19', 169.13, 'MXN', 169.13);
INSERT INTO materiasprimas (id_mp, proveedor, nombre_mp, unidad_medida_mp, cantidad_comprada_mp, estatus_mp, fecha_mp, costo_unitario_mp, tipo_moneda, total_mp) VALUES (167, 2, 'EMULSIÓN DE SILICÓN', 'KG', 1.000, false, '2025-03-19', 191.02, 'MXN', 191.02);
INSERT INTO materiasprimas (id_mp, proveedor, nombre_mp, unidad_medida_mp, cantidad_comprada_mp, estatus_mp, fecha_mp, costo_unitario_mp, tipo_moneda, total_mp) VALUES (168, 10, 'ENZIMA PC LIN 1', 'KG', 1.000, false, '2025-03-19', 385.06, 'USD', 385.06);
INSERT INTO materiasprimas (id_mp, proveedor, nombre_mp, unidad_medida_mp, cantidad_comprada_mp, estatus_mp, fecha_mp, costo_unitario_mp, tipo_moneda, total_mp) VALUES (169, 6, 'FORMOL', 'KG', 1.000, false, '2025-03-19', 18.32, 'MXN', 18.32);
INSERT INTO materiasprimas (id_mp, proveedor, nombre_mp, unidad_medida_mp, cantidad_comprada_mp, estatus_mp, fecha_mp, costo_unitario_mp, tipo_moneda, total_mp) VALUES (170, 19, 'FULMINANTE', 'KG', 1.000, false, '2025-03-19', 1044.00, 'MXN', 1044.00);
INSERT INTO materiasprimas (id_mp, proveedor, nombre_mp, unidad_medida_mp, cantidad_comprada_mp, estatus_mp, fecha_mp, costo_unitario_mp, tipo_moneda, total_mp) VALUES (171, 20, 'GASOLINA BLANCA', 'KG', 1.000, false, '2025-03-19', 31.01, 'MXN', 31.01);
INSERT INTO materiasprimas (id_mp, proveedor, nombre_mp, unidad_medida_mp, cantidad_comprada_mp, estatus_mp, fecha_mp, costo_unitario_mp, tipo_moneda, total_mp) VALUES (172, 5, 'GLICERINA', 'KG', 1.000, false, '2025-03-19', 73.16, 'USD', 73.16);
INSERT INTO materiasprimas (id_mp, proveedor, nombre_mp, unidad_medida_mp, cantidad_comprada_mp, estatus_mp, fecha_mp, costo_unitario_mp, tipo_moneda, total_mp) VALUES (173, 5, 'GOMA GUAR', 'KG', 1.000, false, '2025-03-19', 82.61, 'USD', 82.61);
INSERT INTO materiasprimas (id_mp, proveedor, nombre_mp, unidad_medida_mp, cantidad_comprada_mp, estatus_mp, fecha_mp, costo_unitario_mp, tipo_moneda, total_mp) VALUES (174, 21, 'HARINA', 'KG', 1.000, false, '2025-03-19', 16.40, 'MXN', 16.40);
INSERT INTO materiasprimas (id_mp, proveedor, nombre_mp, unidad_medida_mp, cantidad_comprada_mp, estatus_mp, fecha_mp, costo_unitario_mp, tipo_moneda, total_mp) VALUES (175, 22, 'HIPOCLORITO DE SODIO', 'KG', 1.000, false, '2025-03-19', 10.44, 'MXN', 10.44);
INSERT INTO materiasprimas (id_mp, proveedor, nombre_mp, unidad_medida_mp, cantidad_comprada_mp, estatus_mp, fecha_mp, costo_unitario_mp, tipo_moneda, total_mp) VALUES (176, 5, 'LESS', 'KG', 1.000, false, '2025-03-19', 21.17, 'USD', 21.17);
INSERT INTO materiasprimas (id_mp, proveedor, nombre_mp, unidad_medida_mp, cantidad_comprada_mp, estatus_mp, fecha_mp, costo_unitario_mp, tipo_moneda, total_mp) VALUES (177, 2, 'NACARANTE', 'KG', 1.000, false, '2025-03-19', 54.37, 'MXN', 54.37);
INSERT INTO materiasprimas (id_mp, proveedor, nombre_mp, unidad_medida_mp, cantidad_comprada_mp, estatus_mp, fecha_mp, costo_unitario_mp, tipo_moneda, total_mp) VALUES (178, 38, 'NEGRO AL SULFURO', 'KG', 1.000, false, '2025-03-19', 148.02, 'MXN', 148.02);
INSERT INTO materiasprimas (id_mp, proveedor, nombre_mp, unidad_medida_mp, cantidad_comprada_mp, estatus_mp, fecha_mp, costo_unitario_mp, tipo_moneda, total_mp) VALUES (179, 5, 'NONIL FENOL 10 MOL', 'KG', 1.000, false, '2025-03-19', 63.29, 'MXN', 63.29);
INSERT INTO materiasprimas (id_mp, proveedor, nombre_mp, unidad_medida_mp, cantidad_comprada_mp, estatus_mp, fecha_mp, costo_unitario_mp, tipo_moneda, total_mp) VALUES (180, 17, 'PEG-150-DE', 'KG', 1.000, false, '2025-03-19', 108.84, 'MXN', 108.84);
INSERT INTO materiasprimas (id_mp, proveedor, nombre_mp, unidad_medida_mp, cantidad_comprada_mp, estatus_mp, fecha_mp, costo_unitario_mp, tipo_moneda, total_mp) VALUES (181, 5, 'PERCLOROETILENO', 'KG', 1.000, false, '2025-03-19', 45.45, 'USD', 45.45);
INSERT INTO materiasprimas (id_mp, proveedor, nombre_mp, unidad_medida_mp, cantidad_comprada_mp, estatus_mp, fecha_mp, costo_unitario_mp, tipo_moneda, total_mp) VALUES (182, 5, 'PEROXIDO DE HIDROGENO', 'KG', 1.000, false, '2025-03-19', 20.35, 'USD', 20.35);
INSERT INTO materiasprimas (id_mp, proveedor, nombre_mp, unidad_medida_mp, cantidad_comprada_mp, estatus_mp, fecha_mp, costo_unitario_mp, tipo_moneda, total_mp) VALUES (183, 5, 'PROPILENGLICOL', 'KG', 1.000, false, '2025-03-19', 75.33, 'MXN', 75.33);
INSERT INTO materiasprimas (id_mp, proveedor, nombre_mp, unidad_medida_mp, cantidad_comprada_mp, estatus_mp, fecha_mp, costo_unitario_mp, tipo_moneda, total_mp) VALUES (184, 23, 'SAL', 'KG', 1.000, false, '2025-03-19', 23.20, 'MXN', 23.20);
INSERT INTO materiasprimas (id_mp, proveedor, nombre_mp, unidad_medida_mp, cantidad_comprada_mp, estatus_mp, fecha_mp, costo_unitario_mp, tipo_moneda, total_mp) VALUES (185, 18, 'SOSA CÁUSTICA LÍQUIDA', 'KG', 1.000, false, '2025-03-19', 9.28, 'MXN', 9.28);
INSERT INTO materiasprimas (id_mp, proveedor, nombre_mp, unidad_medida_mp, cantidad_comprada_mp, estatus_mp, fecha_mp, costo_unitario_mp, tipo_moneda, total_mp) VALUES (186, 8, 'SOSA ESCAMAS', 'KG', 1.000, false, '2025-03-19', 25.86, 'USD', 25.86);
INSERT INTO materiasprimas (id_mp, proveedor, nombre_mp, unidad_medida_mp, cantidad_comprada_mp, estatus_mp, fecha_mp, costo_unitario_mp, tipo_moneda, total_mp) VALUES (187, 5, 'SUAVIPASTA', 'KG', 1.000, false, '2025-03-19', 1108.96, 'MXN', 1108.96);
INSERT INTO materiasprimas (id_mp, proveedor, nombre_mp, unidad_medida_mp, cantidad_comprada_mp, estatus_mp, fecha_mp, costo_unitario_mp, tipo_moneda, total_mp) VALUES (189, 5, 'TRIETANOLAMINA 85%', 'KG', 1.000, false, '2025-03-19', 77.92, 'USD', 77.92);
INSERT INTO materiasprimas (id_mp, proveedor, nombre_mp, unidad_medida_mp, cantidad_comprada_mp, estatus_mp, fecha_mp, costo_unitario_mp, tipo_moneda, total_mp) VALUES (190, 5, 'TRIPOLIFOSFATO DE SODIO', 'KG', 1.000, false, '2025-03-19', 73.16, 'USD', 73.16);
INSERT INTO materiasprimas (id_mp, proveedor, nombre_mp, unidad_medida_mp, cantidad_comprada_mp, estatus_mp, fecha_mp, costo_unitario_mp, tipo_moneda, total_mp) VALUES (191, 39, 'UNIGEN', 'KG', 1.000, false, '2025-03-19', 493.00, 'MXN', 493.00);
INSERT INTO materiasprimas (id_mp, proveedor, nombre_mp, unidad_medida_mp, cantidad_comprada_mp, estatus_mp, fecha_mp, costo_unitario_mp, tipo_moneda, total_mp) VALUES (192, 24, 'VINAGRE BLANCO', 'KG', 1.000, false, '2025-03-19', 8.57, 'MXN', 8.57);
INSERT INTO materiasprimas (id_mp, proveedor, nombre_mp, unidad_medida_mp, cantidad_comprada_mp, estatus_mp, fecha_mp, costo_unitario_mp, tipo_moneda, total_mp) VALUES (193, 25, 'FRAGANCIA LIMÓN', 'KG', 1.000, false, '2025-03-19', 367.39, 'USD', 367.39);
INSERT INTO materiasprimas (id_mp, proveedor, nombre_mp, unidad_medida_mp, cantidad_comprada_mp, estatus_mp, fecha_mp, costo_unitario_mp, tipo_moneda, total_mp) VALUES (194, 25, 'FRAGANCIA PRIMAVERA', 'KG', 1.000, false, '2025-03-19', 324.68, 'USD', 324.68);
INSERT INTO materiasprimas (id_mp, proveedor, nombre_mp, unidad_medida_mp, cantidad_comprada_mp, estatus_mp, fecha_mp, costo_unitario_mp, tipo_moneda, total_mp) VALUES (195, 25, 'FRAGANCIA LAVANDA', 'KG', 1.000, false, '2025-03-19', 324.68, 'USD', 324.68);
INSERT INTO materiasprimas (id_mp, proveedor, nombre_mp, unidad_medida_mp, cantidad_comprada_mp, estatus_mp, fecha_mp, costo_unitario_mp, tipo_moneda, total_mp) VALUES (196, 25, 'FRAGANCIA CANELA', 'KG', 1.000, false, '2025-03-19', 324.68, 'USD', 324.68);
INSERT INTO materiasprimas (id_mp, proveedor, nombre_mp, unidad_medida_mp, cantidad_comprada_mp, estatus_mp, fecha_mp, costo_unitario_mp, tipo_moneda, total_mp) VALUES (197, 25, 'FRAGANCIA TORONJA', 'KG', 1.000, false, '2025-03-19', 371.20, 'MXN', 371.20);
INSERT INTO materiasprimas (id_mp, proveedor, nombre_mp, unidad_medida_mp, cantidad_comprada_mp, estatus_mp, fecha_mp, costo_unitario_mp, tipo_moneda, total_mp) VALUES (198, 25, 'FRAGANCIA FRAMBUESA MÁGICA', 'KG', 1.000, false, '2025-03-19', 389.61, 'USD', 389.61);
INSERT INTO materiasprimas (id_mp, proveedor, nombre_mp, unidad_medida_mp, cantidad_comprada_mp, estatus_mp, fecha_mp, costo_unitario_mp, tipo_moneda, total_mp) VALUES (199, 25, 'FRAGANCIA CITRONELA', 'KG', 1.000, false, '2025-03-19', 255.61, 'MXN', 255.61);
INSERT INTO materiasprimas (id_mp, proveedor, nombre_mp, unidad_medida_mp, cantidad_comprada_mp, estatus_mp, fecha_mp, costo_unitario_mp, tipo_moneda, total_mp) VALUES (200, 25, 'FRAGANCIA COCO', 'KG', 1.000, false, '2025-03-19', 402.94, 'USD', 402.94);
INSERT INTO materiasprimas (id_mp, proveedor, nombre_mp, unidad_medida_mp, cantidad_comprada_mp, estatus_mp, fecha_mp, costo_unitario_mp, tipo_moneda, total_mp) VALUES (201, 25, 'FRAGANCIA MARACUYÁ', 'KG', 1.000, false, '2025-03-19', 321.88, 'MXN', 321.88);
INSERT INTO materiasprimas (id_mp, proveedor, nombre_mp, unidad_medida_mp, cantidad_comprada_mp, estatus_mp, fecha_mp, costo_unitario_mp, tipo_moneda, total_mp) VALUES (202, 25, 'FRAGANCIA MENTA', 'KG', 1.000, false, '2025-03-19', 435.48, 'MXN', 435.48);
INSERT INTO materiasprimas (id_mp, proveedor, nombre_mp, unidad_medida_mp, cantidad_comprada_mp, estatus_mp, fecha_mp, costo_unitario_mp, tipo_moneda, total_mp) VALUES (203, 25, 'FRAGANCIA MANDARINA', 'KG', 1.000, false, '2025-03-19', 371.20, 'MXN', 371.20);
INSERT INTO materiasprimas (id_mp, proveedor, nombre_mp, unidad_medida_mp, cantidad_comprada_mp, estatus_mp, fecha_mp, costo_unitario_mp, tipo_moneda, total_mp) VALUES (204, 25, 'FRAGANCIA MANZANA', 'KG', 1.000, false, '2025-03-19', 402.94, 'USD', 402.94);
INSERT INTO materiasprimas (id_mp, proveedor, nombre_mp, unidad_medida_mp, cantidad_comprada_mp, estatus_mp, fecha_mp, costo_unitario_mp, tipo_moneda, total_mp) VALUES (205, 26, 'FRAGANCIA DOVE (DO-K-PLUS)', 'KG', 1.000, false, '2025-03-19', 452.40, 'MXN', 452.40);
INSERT INTO materiasprimas (id_mp, proveedor, nombre_mp, unidad_medida_mp, cantidad_comprada_mp, estatus_mp, fecha_mp, costo_unitario_mp, tipo_moneda, total_mp) VALUES (206, 26, 'FRAGANCIA PALMOLIVE (PALLMO INN)', 'KG', 1.000, false, '2025-03-19', 452.40, 'MXN', 452.40);
INSERT INTO materiasprimas (id_mp, proveedor, nombre_mp, unidad_medida_mp, cantidad_comprada_mp, estatus_mp, fecha_mp, costo_unitario_mp, tipo_moneda, total_mp) VALUES (207, 25, 'FRAGANCIA SUAVITEL', 'KG', 1.000, false, '2025-03-19', 389.61, 'USD', 389.61);
INSERT INTO materiasprimas (id_mp, proveedor, nombre_mp, unidad_medida_mp, cantidad_comprada_mp, estatus_mp, fecha_mp, costo_unitario_mp, tipo_moneda, total_mp) VALUES (208, 25, 'FRAGANCIA STAIN ERASER "VANISH"', 'KG', 1.000, false, '2025-03-19', 432.90, 'USD', 432.90);
INSERT INTO materiasprimas (id_mp, proveedor, nombre_mp, unidad_medida_mp, cantidad_comprada_mp, estatus_mp, fecha_mp, costo_unitario_mp, tipo_moneda, total_mp) VALUES (209, 25, 'FRAGANCIA MÁS COLOR', 'KG', 1.000, false, '2025-03-19', 324.68, 'USD', 324.68);
INSERT INTO materiasprimas (id_mp, proveedor, nombre_mp, unidad_medida_mp, cantidad_comprada_mp, estatus_mp, fecha_mp, costo_unitario_mp, tipo_moneda, total_mp) VALUES (210, 26, 'FRAGANCIA FLOR DE LUNA (SUAVE MAX)', 'KG', 1.000, false, '2025-03-19', 533.60, 'MXN', 533.60);
INSERT INTO materiasprimas (id_mp, proveedor, nombre_mp, unidad_medida_mp, cantidad_comprada_mp, estatus_mp, fecha_mp, costo_unitario_mp, tipo_moneda, total_mp) VALUES (211, 25, 'FRAGANCIA LITTLE ROSE', 'KG', 1.000, false, '2025-03-19', 389.61, 'USD', 389.61);
INSERT INTO materiasprimas (id_mp, proveedor, nombre_mp, unidad_medida_mp, cantidad_comprada_mp, estatus_mp, fecha_mp, costo_unitario_mp, tipo_moneda, total_mp) VALUES (212, 27, 'FRAGANCIA GREEN BAMBU', 'KG', 1.000, false, '2025-03-19', 467.53, 'USD', 467.53);
INSERT INTO materiasprimas (id_mp, proveedor, nombre_mp, unidad_medida_mp, cantidad_comprada_mp, estatus_mp, fecha_mp, costo_unitario_mp, tipo_moneda, total_mp) VALUES (213, 18, 'COLORANTE DILUIDO AZUL', 'KG', 1.000, false, '2025-03-19', 6.59, 'MXN', 6.59);
INSERT INTO materiasprimas (id_mp, proveedor, nombre_mp, unidad_medida_mp, cantidad_comprada_mp, estatus_mp, fecha_mp, costo_unitario_mp, tipo_moneda, total_mp) VALUES (214, 18, 'COLORANTE DILUIDO VERDE LIMÓN', 'KG', 1.000, false, '2025-03-19', 6.59, 'MXN', 6.59);
INSERT INTO materiasprimas (id_mp, proveedor, nombre_mp, unidad_medida_mp, cantidad_comprada_mp, estatus_mp, fecha_mp, costo_unitario_mp, tipo_moneda, total_mp) VALUES (134, 9, 'ÁCIDO TIOGLICÓLICO', 'KG', 190.067, false, '2025-03-19', 417.60, 'MXN', 417.60);
INSERT INTO materiasprimas (id_mp, proveedor, nombre_mp, unidad_medida_mp, cantidad_comprada_mp, estatus_mp, fecha_mp, costo_unitario_mp, tipo_moneda, total_mp) VALUES (152, 16, 'CAOLÍN INDUSTRIAL', 'KG', 952.000, false, '2025-03-19', 5.31, 'MXN', 5.31);
INSERT INTO materiasprimas (id_mp, proveedor, nombre_mp, unidad_medida_mp, cantidad_comprada_mp, estatus_mp, fecha_mp, costo_unitario_mp, tipo_moneda, total_mp) VALUES (215, 18, 'COLORANTE DILUIDO MORADO', 'KG', 1.000, false, '2025-03-19', 6.59, 'MXN', 6.59);
INSERT INTO materiasprimas (id_mp, proveedor, nombre_mp, unidad_medida_mp, cantidad_comprada_mp, estatus_mp, fecha_mp, costo_unitario_mp, tipo_moneda, total_mp) VALUES (216, 18, 'COLORANTE DILUIDO ROSA BRILLANTE', 'KG', 1.000, false, '2025-03-19', 13.00, 'MXN', 13.00);
INSERT INTO materiasprimas (id_mp, proveedor, nombre_mp, unidad_medida_mp, cantidad_comprada_mp, estatus_mp, fecha_mp, costo_unitario_mp, tipo_moneda, total_mp) VALUES (217, 18, 'COLORANTE DILUIDO ROJO', 'KG', 1.000, false, '2025-03-19', 6.47, 'MXN', 6.47);
INSERT INTO materiasprimas (id_mp, proveedor, nombre_mp, unidad_medida_mp, cantidad_comprada_mp, estatus_mp, fecha_mp, costo_unitario_mp, tipo_moneda, total_mp) VALUES (218, 18, 'COLORANTE DILUIDO VERDE ESMERALDA', 'KG', 1.000, false, '2025-03-19', 8.23, 'MXN', 8.23);
INSERT INTO materiasprimas (id_mp, proveedor, nombre_mp, unidad_medida_mp, cantidad_comprada_mp, estatus_mp, fecha_mp, costo_unitario_mp, tipo_moneda, total_mp) VALUES (219, 18, 'DESENGRAS BIO 78 QUIMO', 'KG', 1.000, false, '2025-03-19', 8.41, 'MXN', 8.41);
INSERT INTO materiasprimas (id_mp, proveedor, nombre_mp, unidad_medida_mp, cantidad_comprada_mp, estatus_mp, fecha_mp, costo_unitario_mp, tipo_moneda, total_mp) VALUES (220, 39, 'IMPEACRIL AR', 'KG', 1.000, false, '2025-03-19', 0.00, 'MXN', 0.00);
INSERT INTO materiasprimas (id_mp, proveedor, nombre_mp, unidad_medida_mp, cantidad_comprada_mp, estatus_mp, fecha_mp, costo_unitario_mp, tipo_moneda, total_mp) VALUES (221, 39, 'IMPEOIL SOFT', 'KG', 1.000, false, '2025-03-19', 0.00, 'MXN', 0.00);
INSERT INTO materiasprimas (id_mp, proveedor, nombre_mp, unidad_medida_mp, cantidad_comprada_mp, estatus_mp, fecha_mp, costo_unitario_mp, tipo_moneda, total_mp) VALUES (222, 39, 'NEGRO S', 'KG', 1.000, false, '2025-03-19', 0.00, 'MXN', 0.00);
INSERT INTO materiasprimas (id_mp, proveedor, nombre_mp, unidad_medida_mp, cantidad_comprada_mp, estatus_mp, fecha_mp, costo_unitario_mp, tipo_moneda, total_mp) VALUES (223, 39, 'AMINA JAF', 'KG', 1.000, false, '2025-03-19', 0.00, 'MXN', 0.00);
INSERT INTO materiasprimas (id_mp, proveedor, nombre_mp, unidad_medida_mp, cantidad_comprada_mp, estatus_mp, fecha_mp, costo_unitario_mp, tipo_moneda, total_mp) VALUES (224, 39, 'ENZIM REM', 'KG', 1.000, false, '2025-03-19', 0.00, 'MXN', 0.00);
INSERT INTO materiasprimas (id_mp, proveedor, nombre_mp, unidad_medida_mp, cantidad_comprada_mp, estatus_mp, fecha_mp, costo_unitario_mp, tipo_moneda, total_mp) VALUES (225, 39, 'ENZIM RND', 'KG', 1.000, false, '2025-03-19', 0.00, 'MXN', 0.00);
INSERT INTO materiasprimas (id_mp, proveedor, nombre_mp, unidad_medida_mp, cantidad_comprada_mp, estatus_mp, fecha_mp, costo_unitario_mp, tipo_moneda, total_mp) VALUES (226, 39, 'DESLIZANTE', 'KG', 1.000, false, '2025-03-19', 0.00, 'MXN', 0.00);
INSERT INTO materiasprimas (id_mp, proveedor, nombre_mp, unidad_medida_mp, cantidad_comprada_mp, estatus_mp, fecha_mp, costo_unitario_mp, tipo_moneda, total_mp) VALUES (227, 39, 'IMPEFAST GM', 'KG', 1.000, false, '2025-03-19', 0.00, 'MXN', 0.00);
INSERT INTO materiasprimas (id_mp, proveedor, nombre_mp, unidad_medida_mp, cantidad_comprada_mp, estatus_mp, fecha_mp, costo_unitario_mp, tipo_moneda, total_mp) VALUES (228, 39, 'IMPEFAST FM', 'KG', 1.000, false, '2025-03-19', 0.00, 'MXN', 0.00);
INSERT INTO materiasprimas (id_mp, proveedor, nombre_mp, unidad_medida_mp, cantidad_comprada_mp, estatus_mp, fecha_mp, costo_unitario_mp, tipo_moneda, total_mp) VALUES (229, 39, 'IMPEFAST NP', 'KG', 1.000, false, '2025-03-19', 0.00, 'MXN', 0.00);
INSERT INTO materiasprimas (id_mp, proveedor, nombre_mp, unidad_medida_mp, cantidad_comprada_mp, estatus_mp, fecha_mp, costo_unitario_mp, tipo_moneda, total_mp) VALUES (230, 39, 'SULPHODEP 13', 'KG', 1.000, false, '2025-03-19', 0.00, 'MXN', 0.00);
INSERT INTO materiasprimas (id_mp, proveedor, nombre_mp, unidad_medida_mp, cantidad_comprada_mp, estatus_mp, fecha_mp, costo_unitario_mp, tipo_moneda, total_mp) VALUES (231, 39, 'DESENGRAS 05', 'KG', 1.000, false, '2025-03-19', 0.00, 'MXN', 0.00);
INSERT INTO materiasprimas (id_mp, proveedor, nombre_mp, unidad_medida_mp, cantidad_comprada_mp, estatus_mp, fecha_mp, costo_unitario_mp, tipo_moneda, total_mp) VALUES (232, 1, 'CERA', 'KG', 0.000, false, '2025-08-06', 0.00, 'MXN', 0.00);
INSERT INTO materiasprimas (id_mp, proveedor, nombre_mp, unidad_medida_mp, cantidad_comprada_mp, estatus_mp, fecha_mp, costo_unitario_mp, tipo_moneda, total_mp) VALUES (233, 1, 'FRAGANCIA PINAL', 'KG', 0.000, false, '2025-08-06', 0.00, 'MXN', 0.00);
INSERT INTO materiasprimas (id_mp, proveedor, nombre_mp, unidad_medida_mp, cantidad_comprada_mp, estatus_mp, fecha_mp, costo_unitario_mp, tipo_moneda, total_mp) VALUES (234, 1, 'COLORANTE LÍQUIDO COLOR AZUL', 'KG', 0.000, false, '2025-08-06', 0.00, 'MXN', 0.00);
INSERT INTO materiasprimas (id_mp, proveedor, nombre_mp, unidad_medida_mp, cantidad_comprada_mp, estatus_mp, fecha_mp, costo_unitario_mp, tipo_moneda, total_mp) VALUES (235, 1, 'SOSA AL 50 %', 'KG', 0.000, false, '2025-08-06', 0.00, 'MXN', 0.00);
INSERT INTO materiasprimas (id_mp, proveedor, nombre_mp, unidad_medida_mp, cantidad_comprada_mp, estatus_mp, fecha_mp, costo_unitario_mp, tipo_moneda, total_mp) VALUES (236, 1, 'VINAGRE', 'KG', 0.000, false, '2025-08-06', 0.00, 'MXN', 0.00);
INSERT INTO materiasprimas (id_mp, proveedor, nombre_mp, unidad_medida_mp, cantidad_comprada_mp, estatus_mp, fecha_mp, costo_unitario_mp, tipo_moneda, total_mp) VALUES (237, 1, 'FRAGANCIA STAIN ERASER', 'KG', 0.000, false, '2025-08-06', 0.00, 'MXN', 0.00);
INSERT INTO materiasprimas (id_mp, proveedor, nombre_mp, unidad_medida_mp, cantidad_comprada_mp, estatus_mp, fecha_mp, costo_unitario_mp, tipo_moneda, total_mp) VALUES (238, 1, 'COLORANTE LÍQUIDO COLOR VERDE LIMÓN', 'KG', 0.000, false, '2025-08-06', 0.00, 'MXN', 0.00);
INSERT INTO materiasprimas (id_mp, proveedor, nombre_mp, unidad_medida_mp, cantidad_comprada_mp, estatus_mp, fecha_mp, costo_unitario_mp, tipo_moneda, total_mp) VALUES (239, 1, 'BLANQUEADOR ÓPTICO', 'KG', 0.000, false, '2025-08-06', 0.00, 'MXN', 0.00);
INSERT INTO materiasprimas (id_mp, proveedor, nombre_mp, unidad_medida_mp, cantidad_comprada_mp, estatus_mp, fecha_mp, costo_unitario_mp, tipo_moneda, total_mp) VALUES (240, 1, 'PERÓXIDO DE HIDROGENO', 'KG', 0.000, false, '2025-08-06', 0.00, 'MXN', 0.00);
INSERT INTO materiasprimas (id_mp, proveedor, nombre_mp, unidad_medida_mp, cantidad_comprada_mp, estatus_mp, fecha_mp, costo_unitario_mp, tipo_moneda, total_mp) VALUES (241, 1, 'COLORANTE', 'KG', 0.000, false, '2025-08-06', 0.00, 'MXN', 0.00);
INSERT INTO materiasprimas (id_mp, proveedor, nombre_mp, unidad_medida_mp, cantidad_comprada_mp, estatus_mp, fecha_mp, costo_unitario_mp, tipo_moneda, total_mp) VALUES (243, 1, 'FRAGANCIA JABÓN DE MANOS', 'KG', 0.000, false, '2025-08-06', 0.00, 'MXN', 0.00);
INSERT INTO materiasprimas (id_mp, proveedor, nombre_mp, unidad_medida_mp, cantidad_comprada_mp, estatus_mp, fecha_mp, costo_unitario_mp, tipo_moneda, total_mp) VALUES (244, 1, 'ALCOHOL ISOPROPÍLICO', 'KG', 0.000, false, '2025-08-06', 0.00, 'MXN', 0.00);
INSERT INTO materiasprimas (id_mp, proveedor, nombre_mp, unidad_medida_mp, cantidad_comprada_mp, estatus_mp, fecha_mp, costo_unitario_mp, tipo_moneda, total_mp) VALUES (246, 1, 'FRAGANCIA FLOR DE LUNA', 'KG', 0.000, false, '2025-08-06', 0.00, 'MXN', 0.00);
INSERT INTO materiasprimas (id_mp, proveedor, nombre_mp, unidad_medida_mp, cantidad_comprada_mp, estatus_mp, fecha_mp, costo_unitario_mp, tipo_moneda, total_mp) VALUES (247, 1, 'COLORANTE LÍQUIDO ROSA BRILLANTE', 'KG', 0.000, false, '2025-08-06', 0.00, 'MXN', 0.00);
INSERT INTO materiasprimas (id_mp, proveedor, nombre_mp, unidad_medida_mp, cantidad_comprada_mp, estatus_mp, fecha_mp, costo_unitario_mp, tipo_moneda, total_mp) VALUES (248, 1, 'TWEEN 20', 'KG', 0.000, false, '2025-08-06', 0.00, 'MXN', 0.00);
INSERT INTO materiasprimas (id_mp, proveedor, nombre_mp, unidad_medida_mp, cantidad_comprada_mp, estatus_mp, fecha_mp, costo_unitario_mp, tipo_moneda, total_mp) VALUES (249, 1, 'SOSA LÍQUIDA  AL 50%', 'KG', 0.000, false, '2025-08-06', 0.00, 'MXN', 0.00);
INSERT INTO materiasprimas (id_mp, proveedor, nombre_mp, unidad_medida_mp, cantidad_comprada_mp, estatus_mp, fecha_mp, costo_unitario_mp, tipo_moneda, total_mp) VALUES (250, 1, 'BUTIL CELLASOLVE', 'KG', 0.000, false, '2025-08-06', 0.00, 'MXN', 0.00);
INSERT INTO materiasprimas (id_mp, proveedor, nombre_mp, unidad_medida_mp, cantidad_comprada_mp, estatus_mp, fecha_mp, costo_unitario_mp, tipo_moneda, total_mp) VALUES (251, 1, 'JABÓN RALLADO QUIMO', 'KG', 0.000, false, '2025-08-06', 0.00, 'MXN', 0.00);
INSERT INTO materiasprimas (id_mp, proveedor, nombre_mp, unidad_medida_mp, cantidad_comprada_mp, estatus_mp, fecha_mp, costo_unitario_mp, tipo_moneda, total_mp) VALUES (252, 1, 'COLORANTE DILUIDO AZUL CIELO', 'KG', 0.000, false, '2025-08-06', 0.00, 'MXN', 0.00);
INSERT INTO materiasprimas (id_mp, proveedor, nombre_mp, unidad_medida_mp, cantidad_comprada_mp, estatus_mp, fecha_mp, costo_unitario_mp, tipo_moneda, total_mp) VALUES (253, 1, 'COLORANTE LIQUIDO NARANJA', 'KG', 0.000, false, '2025-08-06', 0.00, 'MXN', 0.00);
INSERT INTO materiasprimas (id_mp, proveedor, nombre_mp, unidad_medida_mp, cantidad_comprada_mp, estatus_mp, fecha_mp, costo_unitario_mp, tipo_moneda, total_mp) VALUES (254, 1, 'COLORANTE VERDE', 'KG', 0.000, false, '2025-08-06', 0.00, 'MXN', 0.00);
INSERT INTO materiasprimas (id_mp, proveedor, nombre_mp, unidad_medida_mp, cantidad_comprada_mp, estatus_mp, fecha_mp, costo_unitario_mp, tipo_moneda, total_mp) VALUES (255, 1, 'LAURICO 7 MOLES', 'KG', 0.000, false, '2025-08-06', 0.00, 'MXN', 0.00);
INSERT INTO materiasprimas (id_mp, proveedor, nombre_mp, unidad_medida_mp, cantidad_comprada_mp, estatus_mp, fecha_mp, costo_unitario_mp, tipo_moneda, total_mp) VALUES (256, 1, 'FIXQUIMO MP', 'KG', 0.000, false, '2025-08-06', 0.00, 'MXN', 0.00);
INSERT INTO materiasprimas (id_mp, proveedor, nombre_mp, unidad_medida_mp, cantidad_comprada_mp, estatus_mp, fecha_mp, costo_unitario_mp, tipo_moneda, total_mp) VALUES (257, 1, 'FRAGANCIA BLUE FRESH', 'KG', 0.000, false, '2025-08-06', 0.00, 'MXN', 0.00);
INSERT INTO materiasprimas (id_mp, proveedor, nombre_mp, unidad_medida_mp, cantidad_comprada_mp, estatus_mp, fecha_mp, costo_unitario_mp, tipo_moneda, total_mp) VALUES (258, 1, 'FRAGANCIA', 'KG', 0.000, false, '2025-08-06', 0.00, 'MXN', 0.00);
INSERT INTO materiasprimas (id_mp, proveedor, nombre_mp, unidad_medida_mp, cantidad_comprada_mp, estatus_mp, fecha_mp, costo_unitario_mp, tipo_moneda, total_mp) VALUES (188, 8, 'SULFATO DE AMONIO', 'KG', 51.933, false, '2025-03-19', 8.33, 'MXN', 8.33);
INSERT INTO materiasprimas (id_mp, proveedor, nombre_mp, unidad_medida_mp, cantidad_comprada_mp, estatus_mp, fecha_mp, costo_unitario_mp, tipo_moneda, total_mp) VALUES (245, 1, 'TRIETANOLAMINA', 'KG', 260.397, false, '2025-08-06', 0.00, 'MXN', 0.00);
INSERT INTO materiasprimas (id_mp, proveedor, nombre_mp, unidad_medida_mp, cantidad_comprada_mp, estatus_mp, fecha_mp, costo_unitario_mp, tipo_moneda, total_mp) VALUES (137, 11, 'AGUA', 'KG', 207.593, false, '2025-03-19', 0.58, 'MXN', 0.58);
INSERT INTO materiasprimas (id_mp, proveedor, nombre_mp, unidad_medida_mp, cantidad_comprada_mp, estatus_mp, fecha_mp, costo_unitario_mp, tipo_moneda, total_mp) VALUES (242, 1, 'ENZIMA PC WET-1', 'KG', 999.000, false, '2025-08-06', 0.00, 'MXN', 0.00);


--
-- Data for Name: comprasmateriaprima; Type: TABLE DATA; Schema: public; Owner: postgres
--



--
-- Data for Name: productos; Type: TABLE DATA; Schema: public; Owner: postgres
--

INSERT INTO productos (id_producto, nombre_producto, unidad_medida_producto, area_producto, cantidad_producto, estatus_producto, fecha_producto) VALUES (1, 'PASTILLAS DE CLORO', 'PZA', 'QUIMO', 1.000, false, '2025-07-30');
INSERT INTO productos (id_producto, nombre_producto, unidad_medida_producto, area_producto, cantidad_producto, estatus_producto, fecha_producto) VALUES (2, 'CLORO CLEAN 6%', 'KG', 'QUIMO CLEAN', 1.000, false, '2025-07-30');
INSERT INTO productos (id_producto, nombre_producto, unidad_medida_producto, area_producto, cantidad_producto, estatus_producto, fecha_producto) VALUES (3, 'CLORO CLEAN 8%', 'KG', 'QUIMO CLEAN', 1.000, false, '2025-07-30');
INSERT INTO productos (id_producto, nombre_producto, unidad_medida_producto, area_producto, cantidad_producto, estatus_producto, fecha_producto) VALUES (4, 'FASCINANTE LAVANDA', 'L', 'QUIMO', 1.000, false, '2025-07-30');
INSERT INTO productos (id_producto, nombre_producto, unidad_medida_producto, area_producto, cantidad_producto, estatus_producto, fecha_producto) VALUES (5, 'FASCINANTE LIMÓN', 'L', 'QUIMO', 1.000, false, '2025-07-30');
INSERT INTO productos (id_producto, nombre_producto, unidad_medida_producto, area_producto, cantidad_producto, estatus_producto, fecha_producto) VALUES (6, 'FASCINANTE PRIMAVERA', 'L', 'QUIMO', 1.000, false, '2025-07-30');
INSERT INTO productos (id_producto, nombre_producto, unidad_medida_producto, area_producto, cantidad_producto, estatus_producto, fecha_producto) VALUES (7, 'FASCINANTE TORONJA', 'L', 'QUIMO', 1.000, false, '2025-07-30');
INSERT INTO productos (id_producto, nombre_producto, unidad_medida_producto, area_producto, cantidad_producto, estatus_producto, fecha_producto) VALUES (8, 'FASCINANTE MENTA', 'L', 'QUIMO', 1.000, false, '2025-07-30');
INSERT INTO productos (id_producto, nombre_producto, unidad_medida_producto, area_producto, cantidad_producto, estatus_producto, fecha_producto) VALUES (9, 'FASCINANTE CITRONELA', 'L', 'QUIMO', 1.000, false, '2025-07-30');
INSERT INTO productos (id_producto, nombre_producto, unidad_medida_producto, area_producto, cantidad_producto, estatus_producto, fecha_producto) VALUES (10, 'FASCINANTE GREEN BAMBU', 'L', 'QUIMO', 1.000, false, '2025-07-30');
INSERT INTO productos (id_producto, nombre_producto, unidad_medida_producto, area_producto, cantidad_producto, estatus_producto, fecha_producto) VALUES (11, 'FASCINANTE CANELA', 'L', 'QUIMO', 1.000, false, '2025-07-30');
INSERT INTO productos (id_producto, nombre_producto, unidad_medida_producto, area_producto, cantidad_producto, estatus_producto, fecha_producto) VALUES (12, 'CONCENTRADO FASCINANTE LAVANDA', 'L', 'QUIMO', 1.000, false, '2025-07-30');
INSERT INTO productos (id_producto, nombre_producto, unidad_medida_producto, area_producto, cantidad_producto, estatus_producto, fecha_producto) VALUES (13, 'CONCENTRADO FASCINANTE LIMÓN', 'L', 'QUIMO', 1.000, false, '2025-07-30');
INSERT INTO productos (id_producto, nombre_producto, unidad_medida_producto, area_producto, cantidad_producto, estatus_producto, fecha_producto) VALUES (14, 'CONCENTRADO FASCINANTE PRIMAVERA', 'L', 'QUIMO', 1.000, false, '2025-07-30');
INSERT INTO productos (id_producto, nombre_producto, unidad_medida_producto, area_producto, cantidad_producto, estatus_producto, fecha_producto) VALUES (15, 'CONCENTRADO FASCINANTE TORONJA', 'L', 'QUIMO', 1.000, false, '2025-07-30');
INSERT INTO productos (id_producto, nombre_producto, unidad_medida_producto, area_producto, cantidad_producto, estatus_producto, fecha_producto) VALUES (16, 'CONCENTRADO FASCINANTE MENTA', 'L', 'QUIMO', 1.000, false, '2025-07-30');
INSERT INTO productos (id_producto, nombre_producto, unidad_medida_producto, area_producto, cantidad_producto, estatus_producto, fecha_producto) VALUES (17, 'CONCENTRADO FASCINANTE CITRONELA', 'L', 'QUIMO', 1.000, false, '2025-07-30');
INSERT INTO productos (id_producto, nombre_producto, unidad_medida_producto, area_producto, cantidad_producto, estatus_producto, fecha_producto) VALUES (18, 'CONCENTRADO FASCINANTE GREEN BAMBU', 'L', 'QUIMO', 1.000, false, '2025-07-30');
INSERT INTO productos (id_producto, nombre_producto, unidad_medida_producto, area_producto, cantidad_producto, estatus_producto, fecha_producto) VALUES (19, 'CONCENTRADO FASCINANTE CANELA', 'L', 'QUIMO', 1.000, false, '2025-07-30');
INSERT INTO productos (id_producto, nombre_producto, unidad_medida_producto, area_producto, cantidad_producto, estatus_producto, fecha_producto) VALUES (20, 'FANTASTICO PINOL VERDE', 'L', 'QUIMO', 1.000, false, '2025-07-30');
INSERT INTO productos (id_producto, nombre_producto, unidad_medida_producto, area_producto, cantidad_producto, estatus_producto, fecha_producto) VALUES (21, 'FASCINANTE PINOL VERDE', 'L', 'QUIMO', 1.000, false, '2025-07-30');
INSERT INTO productos (id_producto, nombre_producto, unidad_medida_producto, area_producto, cantidad_producto, estatus_producto, fecha_producto) VALUES (22, 'FANTASTICO PINOL', 'L', 'QUIMO', 1.000, false, '2025-07-30');
INSERT INTO productos (id_producto, nombre_producto, unidad_medida_producto, area_producto, cantidad_producto, estatus_producto, fecha_producto) VALUES (23, 'FANTÁSTICO LAVANDA', 'L', 'QUIMO', 1.000, false, '2025-07-30');
INSERT INTO productos (id_producto, nombre_producto, unidad_medida_producto, area_producto, cantidad_producto, estatus_producto, fecha_producto) VALUES (24, 'FANTÁSTICO LIMÓN', 'L', 'QUIMO', 1.000, false, '2025-07-30');
INSERT INTO productos (id_producto, nombre_producto, unidad_medida_producto, area_producto, cantidad_producto, estatus_producto, fecha_producto) VALUES (25, 'FANTÁSTICO PRIMAVERA', 'L', 'QUIMO CLEAN', 1.000, false, '2025-07-30');
INSERT INTO productos (id_producto, nombre_producto, unidad_medida_producto, area_producto, cantidad_producto, estatus_producto, fecha_producto) VALUES (26, 'FANTÁSTICO TORONJA', 'L', 'QUIMO', 1.000, false, '2025-07-30');
INSERT INTO productos (id_producto, nombre_producto, unidad_medida_producto, area_producto, cantidad_producto, estatus_producto, fecha_producto) VALUES (27, 'FANTÁSTICO MENTA', 'L', 'QUIMO', 1.000, false, '2025-07-30');
INSERT INTO productos (id_producto, nombre_producto, unidad_medida_producto, area_producto, cantidad_producto, estatus_producto, fecha_producto) VALUES (28, 'FANTÁSTICO CITRONELA', 'L', 'QUIMO', 1.000, false, '2025-07-30');
INSERT INTO productos (id_producto, nombre_producto, unidad_medida_producto, area_producto, cantidad_producto, estatus_producto, fecha_producto) VALUES (29, 'FANTÁSTICO GREEN BAMBU', 'L', 'QUIMO', 1.000, false, '2025-07-30');
INSERT INTO productos (id_producto, nombre_producto, unidad_medida_producto, area_producto, cantidad_producto, estatus_producto, fecha_producto) VALUES (30, 'FANTÁSTICO CANELA', 'L', 'QUIMO', 1.000, false, '2025-07-30');
INSERT INTO productos (id_producto, nombre_producto, unidad_medida_producto, area_producto, cantidad_producto, estatus_producto, fecha_producto) VALUES (31, 'CONCENTRADO FANTÁSTICO LAVANDA', 'L', 'QUIMO', 1.000, false, '2025-07-30');
INSERT INTO productos (id_producto, nombre_producto, unidad_medida_producto, area_producto, cantidad_producto, estatus_producto, fecha_producto) VALUES (32, 'CONCENTRADO FANTÁSTICO LIMÓN', 'L', 'QUIMO', 1.000, false, '2025-07-30');
INSERT INTO productos (id_producto, nombre_producto, unidad_medida_producto, area_producto, cantidad_producto, estatus_producto, fecha_producto) VALUES (33, 'CONCENTRADO FANTÁSTICO PRIMAVERA', 'L', 'QUIMO', 1.000, false, '2025-07-30');
INSERT INTO productos (id_producto, nombre_producto, unidad_medida_producto, area_producto, cantidad_producto, estatus_producto, fecha_producto) VALUES (34, 'CONCENTRADO FANTÁSTICO TORONJA', 'L', 'QUIMO', 1.000, false, '2025-07-30');
INSERT INTO productos (id_producto, nombre_producto, unidad_medida_producto, area_producto, cantidad_producto, estatus_producto, fecha_producto) VALUES (35, 'CONCENTRADO FANTÁSTICO MENTA', 'L', 'QUIMO', 1.000, false, '2025-07-30');
INSERT INTO productos (id_producto, nombre_producto, unidad_medida_producto, area_producto, cantidad_producto, estatus_producto, fecha_producto) VALUES (36, 'CONCENTRADO FANTÁSTICO CITRONELA', 'L', 'QUIMO', 1.000, false, '2025-07-30');
INSERT INTO productos (id_producto, nombre_producto, unidad_medida_producto, area_producto, cantidad_producto, estatus_producto, fecha_producto) VALUES (37, 'CONCENTRADO FANTÁSTICO GREEN BAMBU', 'L', 'QUIMO', 1.000, false, '2025-07-30');
INSERT INTO productos (id_producto, nombre_producto, unidad_medida_producto, area_producto, cantidad_producto, estatus_producto, fecha_producto) VALUES (38, 'FRESH GLASS', 'L', 'QUIMO', 1.000, false, '2025-07-30');
INSERT INTO productos (id_producto, nombre_producto, unidad_medida_producto, area_producto, cantidad_producto, estatus_producto, fecha_producto) VALUES (39, 'VEL ROSITA', 'L', 'QUIMO', 1.000, false, '2025-07-30');
INSERT INTO productos (id_producto, nombre_producto, unidad_medida_producto, area_producto, cantidad_producto, estatus_producto, fecha_producto) VALUES (40, 'FIINSH', 'L', 'QUIMO', 1.000, false, '2025-07-30');
INSERT INTO productos (id_producto, nombre_producto, unidad_medida_producto, area_producto, cantidad_producto, estatus_producto, fecha_producto) VALUES (41, 'TIPO VANISH LIQUIDO', 'L', 'QUIMO', 1.000, false, '2025-07-30');
INSERT INTO productos (id_producto, nombre_producto, unidad_medida_producto, area_producto, cantidad_producto, estatus_producto, fecha_producto) VALUES (42, 'MAS COLOR', 'L', 'QUIMO', 1.000, false, '2025-07-30');
INSERT INTO productos (id_producto, nombre_producto, unidad_medida_producto, area_producto, cantidad_producto, estatus_producto, fecha_producto) VALUES (43, 'MAS NEGRO', 'L', 'QUIMO', 1.000, false, '2025-07-30');
INSERT INTO productos (id_producto, nombre_producto, unidad_medida_producto, area_producto, cantidad_producto, estatus_producto, fecha_producto) VALUES (44, 'DETERGENTE LIQUIDO PARA ROPA DE COLOR', 'L', 'QUIMO', 1.000, false, '2025-07-30');
INSERT INTO productos (id_producto, nombre_producto, unidad_medida_producto, area_producto, cantidad_producto, estatus_producto, fecha_producto) VALUES (45, 'DETERGENTE LIQUIDO PARA ROPA NEGRA', 'L', 'QUIMO', 1.000, false, '2025-07-30');
INSERT INTO productos (id_producto, nombre_producto, unidad_medida_producto, area_producto, cantidad_producto, estatus_producto, fecha_producto) VALUES (46, 'SAPONE MARACUYÁ', 'L', 'QUIMO', 1.000, false, '2025-07-30');
INSERT INTO productos (id_producto, nombre_producto, unidad_medida_producto, area_producto, cantidad_producto, estatus_producto, fecha_producto) VALUES (47, 'SAPONE MANZANA', 'L', 'QUIMO', 1.000, false, '2025-07-30');
INSERT INTO productos (id_producto, nombre_producto, unidad_medida_producto, area_producto, cantidad_producto, estatus_producto, fecha_producto) VALUES (48, 'SAPONE COCO', 'L', 'QUIMO', 1.000, false, '2025-07-30');
INSERT INTO productos (id_producto, nombre_producto, unidad_medida_producto, area_producto, cantidad_producto, estatus_producto, fecha_producto) VALUES (49, 'SAPONE MENTA', 'L', 'QUIMO', 1.000, false, '2025-07-30');
INSERT INTO productos (id_producto, nombre_producto, unidad_medida_producto, area_producto, cantidad_producto, estatus_producto, fecha_producto) VALUES (50, 'SAPONE PALMOLIVE', 'L', 'QUIMO', 1.000, false, '2025-07-30');
INSERT INTO productos (id_producto, nombre_producto, unidad_medida_producto, area_producto, cantidad_producto, estatus_producto, fecha_producto) VALUES (51, 'SAPONE DOVE', 'L', 'QUIMO', 1.000, false, '2025-07-30');
INSERT INTO productos (id_producto, nombre_producto, unidad_medida_producto, area_producto, cantidad_producto, estatus_producto, fecha_producto) VALUES (52, 'SAPONE DURAZNO', 'L', 'QUIMO', 1.000, false, '2025-07-30');
INSERT INTO productos (id_producto, nombre_producto, unidad_medida_producto, area_producto, cantidad_producto, estatus_producto, fecha_producto) VALUES (53, 'SUAVIZANTE PARA ROPA', 'L', 'QUIMO', 1.000, false, '2025-07-30');
INSERT INTO productos (id_producto, nombre_producto, unidad_medida_producto, area_producto, cantidad_producto, estatus_producto, fecha_producto) VALUES (54, 'FINATELA FLOR DE LUNA', 'L', 'QUIMO', 1.000, false, '2025-07-30');
INSERT INTO productos (id_producto, nombre_producto, unidad_medida_producto, area_producto, cantidad_producto, estatus_producto, fecha_producto) VALUES (55, 'FINATELA PRIMAVERA', 'L', 'QUIMO', 1.000, false, '2025-07-30');
INSERT INTO productos (id_producto, nombre_producto, unidad_medida_producto, area_producto, cantidad_producto, estatus_producto, fecha_producto) VALUES (56, 'JABON QUIMO 180 g', 'L', 'QUIMO CLEAN', 1.000, false, '2025-07-30');
INSERT INTO productos (id_producto, nombre_producto, unidad_medida_producto, area_producto, cantidad_producto, estatus_producto, fecha_producto) VALUES (57, 'JABON QUIMO 400 g', 'L', 'QUIMO CLEAN', 1.000, false, '2025-07-30');
INSERT INTO productos (id_producto, nombre_producto, unidad_medida_producto, area_producto, cantidad_producto, estatus_producto, fecha_producto) VALUES (58, 'JABON RAYADO QUIMO 1 kg', 'L', 'QUIMO CLEAN', 1.000, false, '2025-07-30');
INSERT INTO productos (id_producto, nombre_producto, unidad_medida_producto, area_producto, cantidad_producto, estatus_producto, fecha_producto) VALUES (59, 'JABON RAYADO QUIMO 500 g', 'L', 'QUIMO CLEAN', 1.000, false, '2025-07-30');
INSERT INTO productos (id_producto, nombre_producto, unidad_medida_producto, area_producto, cantidad_producto, estatus_producto, fecha_producto) VALUES (60, 'JABON RAYADO QUIMO 250 g', 'L', 'QUIMO CLEAN', 1.000, false, '2025-07-30');
INSERT INTO productos (id_producto, nombre_producto, unidad_medida_producto, area_producto, cantidad_producto, estatus_producto, fecha_producto) VALUES (61, 'JABON EN POLVO TIPO ROMA', 'L', 'QUIMO', 1.000, false, '2025-07-30');
INSERT INTO productos (id_producto, nombre_producto, unidad_medida_producto, area_producto, cantidad_producto, estatus_producto, fecha_producto) VALUES (62, 'JABON QUIMO LIQUIDO', 'L', 'QUIMO CLEAN', 1.000, false, '2025-07-30');
INSERT INTO productos (id_producto, nombre_producto, unidad_medida_producto, area_producto, cantidad_producto, estatus_producto, fecha_producto) VALUES (63, 'JABON PARA TRASTES LIQUIDO LIMON', 'L', 'QUIMO', 1.000, false, '2025-07-30');
INSERT INTO productos (id_producto, nombre_producto, unidad_medida_producto, area_producto, cantidad_producto, estatus_producto, fecha_producto) VALUES (64, 'FRICCION', 'L', 'QUIMO', 1.000, false, '2025-07-30');
INSERT INTO productos (id_producto, nombre_producto, unidad_medida_producto, area_producto, cantidad_producto, estatus_producto, fecha_producto) VALUES (65, 'DESENGRAS BIO 78', 'L', 'QUIMO CLEAN', 1.000, false, '2025-07-30');
INSERT INTO productos (id_producto, nombre_producto, unidad_medida_producto, area_producto, cantidad_producto, estatus_producto, fecha_producto) VALUES (66, 'DESENGRAS 2000', 'L', 'QUIMO', 1.000, false, '2025-07-30');
INSERT INTO productos (id_producto, nombre_producto, unidad_medida_producto, area_producto, cantidad_producto, estatus_producto, fecha_producto) VALUES (67, 'DESENGRAS PLUS', 'L', 'QUIMO', 1.000, false, '2025-07-30');
INSERT INTO productos (id_producto, nombre_producto, unidad_medida_producto, area_producto, cantidad_producto, estatus_producto, fecha_producto) VALUES (68, 'DESENGRAS FRESH', 'L', 'QUIMO', 1.000, false, '2025-07-30');
INSERT INTO productos (id_producto, nombre_producto, unidad_medida_producto, area_producto, cantidad_producto, estatus_producto, fecha_producto) VALUES (69, 'ACEITE PARA MOP', 'L', 'QUIMO', 1.000, false, '2025-07-30');
INSERT INTO productos (id_producto, nombre_producto, unidad_medida_producto, area_producto, cantidad_producto, estatus_producto, fecha_producto) VALUES (70, 'SOSA LÍQUIDA AL 50%', 'L', 'QUIMO CLEAN', 1.000, false, '2025-07-30');
INSERT INTO productos (id_producto, nombre_producto, unidad_medida_producto, area_producto, cantidad_producto, estatus_producto, fecha_producto) VALUES (71, 'FARAON', 'L', 'QUIMO', 1.000, false, '2025-07-30');
INSERT INTO productos (id_producto, nombre_producto, unidad_medida_producto, area_producto, cantidad_producto, estatus_producto, fecha_producto) VALUES (72, 'SARRIGEL', 'L', 'QUIMO', 1.000, false, '2025-07-30');
INSERT INTO productos (id_producto, nombre_producto, unidad_medida_producto, area_producto, cantidad_producto, estatus_producto, fecha_producto) VALUES (73, 'GEL ANTIBACTERIAL', 'L', 'QUIMO', 1.000, false, '2025-07-30');
INSERT INTO productos (id_producto, nombre_producto, unidad_medida_producto, area_producto, cantidad_producto, estatus_producto, fecha_producto) VALUES (74, 'IMPEFAST SP', 'L', 'QUIMO', 1.000, false, '2025-07-30');
INSERT INTO productos (id_producto, nombre_producto, unidad_medida_producto, area_producto, cantidad_producto, estatus_producto, fecha_producto) VALUES (75, 'ABRILLANTADOR DE LLANTAS 500 ML', 'PZA', 'QUIMO', 1.000, false, '2025-07-30');
INSERT INTO productos (id_producto, nombre_producto, unidad_medida_producto, area_producto, cantidad_producto, estatus_producto, fecha_producto) VALUES (77, 'ABRILLANTADOR LIQUIDO VINIL 500 ML', 'PZA', 'QUIMO', 1.000, false, '2025-07-30');
INSERT INTO productos (id_producto, nombre_producto, unidad_medida_producto, area_producto, cantidad_producto, estatus_producto, fecha_producto) VALUES (78, 'ABRILLANTADOR LIQUIDO VINIL', 'L', 'QUIMO', 1.000, false, '2025-07-30');
INSERT INTO productos (id_producto, nombre_producto, unidad_medida_producto, area_producto, cantidad_producto, estatus_producto, fecha_producto) VALUES (79, 'SHAMPOO PARA AUTOS CON CERA', 'L', 'QUIMO', 1.000, false, '2025-07-30');
INSERT INTO productos (id_producto, nombre_producto, unidad_medida_producto, area_producto, cantidad_producto, estatus_producto, fecha_producto) VALUES (80, 'FULMINANTE', 'L', 'QUIMO', 1.000, false, '2025-07-30');
INSERT INTO productos (id_producto, nombre_producto, unidad_medida_producto, area_producto, cantidad_producto, estatus_producto, fecha_producto) VALUES (81, 'AROMATIZANTE 500 mL LAVANDA', 'PZA', 'QUIMO', 1.000, false, '2025-07-30');
INSERT INTO productos (id_producto, nombre_producto, unidad_medida_producto, area_producto, cantidad_producto, estatus_producto, fecha_producto) VALUES (82, 'AROMATIZANTE 500 ML LIMÓN', 'PZA', 'QUIMO', 1.000, false, '2025-07-30');
INSERT INTO productos (id_producto, nombre_producto, unidad_medida_producto, area_producto, cantidad_producto, estatus_producto, fecha_producto) VALUES (83, 'AROMATIZANTE 500 ML CANELA', 'PZA', 'QUIMO', 1.000, false, '2025-07-30');
INSERT INTO productos (id_producto, nombre_producto, unidad_medida_producto, area_producto, cantidad_producto, estatus_producto, fecha_producto) VALUES (84, 'AROMATIZANTE 500 ML PRIMAVERA', 'PZA', 'QUIMO', 1.000, false, '2025-07-30');
INSERT INTO productos (id_producto, nombre_producto, unidad_medida_producto, area_producto, cantidad_producto, estatus_producto, fecha_producto) VALUES (85, 'AROMATIZANTE 500 ML MENTA', 'PZA', 'QUIMO', 1.000, false, '2025-07-30');
INSERT INTO productos (id_producto, nombre_producto, unidad_medida_producto, area_producto, cantidad_producto, estatus_producto, fecha_producto) VALUES (86, 'AROMATIZANTE 500 ML TORONJA', 'PZA', 'QUIMO', 1.000, false, '2025-07-30');
INSERT INTO productos (id_producto, nombre_producto, unidad_medida_producto, area_producto, cantidad_producto, estatus_producto, fecha_producto) VALUES (87, 'AROMATIZANTE 500 ML CITRONELA', 'PZA', 'QUIMO', 1.000, false, '2025-07-30');
INSERT INTO productos (id_producto, nombre_producto, unidad_medida_producto, area_producto, cantidad_producto, estatus_producto, fecha_producto) VALUES (88, 'AROMATIZANTE 500 ML GREEN BAMBÚ', 'PZA', 'QUIMO', 1.000, false, '2025-07-30');
INSERT INTO productos (id_producto, nombre_producto, unidad_medida_producto, area_producto, cantidad_producto, estatus_producto, fecha_producto) VALUES (89, 'AROMATIZANTE 1 L LAVANDA', 'PZA', 'QUIMO', 1.000, false, '2025-07-30');
INSERT INTO productos (id_producto, nombre_producto, unidad_medida_producto, area_producto, cantidad_producto, estatus_producto, fecha_producto) VALUES (90, 'AROMATIZANTE 1 L LIMÓN', 'PZA', 'QUIMO', 1.000, false, '2025-07-30');
INSERT INTO productos (id_producto, nombre_producto, unidad_medida_producto, area_producto, cantidad_producto, estatus_producto, fecha_producto) VALUES (91, 'AROMATIZANTE 1 L CANELA', 'PZA', 'QUIMO', 1.000, false, '2025-07-30');
INSERT INTO productos (id_producto, nombre_producto, unidad_medida_producto, area_producto, cantidad_producto, estatus_producto, fecha_producto) VALUES (92, 'AROMATIZANTE 1 L PRIMAVERA', 'PZA', 'QUIMO', 1.000, false, '2025-07-30');
INSERT INTO productos (id_producto, nombre_producto, unidad_medida_producto, area_producto, cantidad_producto, estatus_producto, fecha_producto) VALUES (93, 'AROMATIZANTE 1 L MENTA', 'PZA', 'QUIMO', 1.000, false, '2025-07-30');
INSERT INTO productos (id_producto, nombre_producto, unidad_medida_producto, area_producto, cantidad_producto, estatus_producto, fecha_producto) VALUES (94, 'AROMATIZANTE 1 L TORONJA', 'PZA', 'QUIMO', 1.000, false, '2025-07-30');
INSERT INTO productos (id_producto, nombre_producto, unidad_medida_producto, area_producto, cantidad_producto, estatus_producto, fecha_producto) VALUES (95, 'AROMATIZANTE 1 L CITRONELA', 'PZA', 'QUIMO', 1.000, false, '2025-07-30');
INSERT INTO productos (id_producto, nombre_producto, unidad_medida_producto, area_producto, cantidad_producto, estatus_producto, fecha_producto) VALUES (96, 'AROMATIZANTE 1 L GREEN BAMBÚ', 'PZA', 'QUIMO', 1.000, false, '2025-07-30');
INSERT INTO productos (id_producto, nombre_producto, unidad_medida_producto, area_producto, cantidad_producto, estatus_producto, fecha_producto) VALUES (97, 'AROMATIZANTE RECARGADO 500 ML LAVANDA', 'PZA', 'QUIMO', 1.000, false, '2025-07-30');
INSERT INTO productos (id_producto, nombre_producto, unidad_medida_producto, area_producto, cantidad_producto, estatus_producto, fecha_producto) VALUES (98, 'AROMATIZANTE RECARGADO 500 ML LIMÓN', 'PZA', 'QUIMO', 1.000, false, '2025-07-30');
INSERT INTO productos (id_producto, nombre_producto, unidad_medida_producto, area_producto, cantidad_producto, estatus_producto, fecha_producto) VALUES (99, 'AROMATIZANTE RECARGADO 500 ML CANELA', 'PZA', 'QUIMO', 1.000, false, '2025-07-30');
INSERT INTO productos (id_producto, nombre_producto, unidad_medida_producto, area_producto, cantidad_producto, estatus_producto, fecha_producto) VALUES (100, 'AROMATIZANTE RECARGADO 500 ML PRIMAVERA', 'PZA', 'QUIMO', 1.000, false, '2025-07-30');
INSERT INTO productos (id_producto, nombre_producto, unidad_medida_producto, area_producto, cantidad_producto, estatus_producto, fecha_producto) VALUES (102, 'AROMATIZANTE RECARGADO 500 ML TORONJA', 'PZA', 'QUIMO', 1.000, false, '2025-07-30');
INSERT INTO productos (id_producto, nombre_producto, unidad_medida_producto, area_producto, cantidad_producto, estatus_producto, fecha_producto) VALUES (103, 'AROMATIZANTE RECARGADO 500 ML CITRONELA', 'PZA', 'QUIMO', 1.000, false, '2025-07-30');
INSERT INTO productos (id_producto, nombre_producto, unidad_medida_producto, area_producto, cantidad_producto, estatus_producto, fecha_producto) VALUES (104, 'AROMATIZANTE RECARGADO 500 ML GREEN BAMBÚ', 'PZA', 'QUIMO', 1.000, false, '2025-07-30');
INSERT INTO productos (id_producto, nombre_producto, unidad_medida_producto, area_producto, cantidad_producto, estatus_producto, fecha_producto) VALUES (101, 'AROMATIZANTE RECARGADO 500 ML MENTA', 'PZA', 'QUIMO', 1.000, false, '2025-07-30');
INSERT INTO productos (id_producto, nombre_producto, unidad_medida_producto, area_producto, cantidad_producto, estatus_producto, fecha_producto) VALUES (105, 'AROMATIZANTE RECARGADO1 LT', 'PZA', 'QUIMO', 1.000, false, '2025-07-30');
INSERT INTO productos (id_producto, nombre_producto, unidad_medida_producto, area_producto, cantidad_producto, estatus_producto, fecha_producto) VALUES (106, 'AROMATIZANTE RECARGADO 1 L LAVANDA', 'PZA', 'QUIMO', 1.000, false, '2025-07-30');
INSERT INTO productos (id_producto, nombre_producto, unidad_medida_producto, area_producto, cantidad_producto, estatus_producto, fecha_producto) VALUES (107, 'AROMATIZANTE RECARGADO 1 L LIMÓN', 'PZA', 'QUIMO', 1.000, false, '2025-07-30');
INSERT INTO productos (id_producto, nombre_producto, unidad_medida_producto, area_producto, cantidad_producto, estatus_producto, fecha_producto) VALUES (108, 'AROMATIZANTE RECARGADO 1 L CANELA', 'PZA', 'QUIMO', 1.000, false, '2025-07-30');
INSERT INTO productos (id_producto, nombre_producto, unidad_medida_producto, area_producto, cantidad_producto, estatus_producto, fecha_producto) VALUES (109, 'AROMATIZANTE RECARGADO 1 L PRIMAVERA', 'PZA', 'QUIMO', 1.000, false, '2025-07-30');
INSERT INTO productos (id_producto, nombre_producto, unidad_medida_producto, area_producto, cantidad_producto, estatus_producto, fecha_producto) VALUES (110, 'AROMATIZANTE RECARGADO 1 L MENTA', 'PZA', 'QUIMO', 1.000, false, '2025-07-30');
INSERT INTO productos (id_producto, nombre_producto, unidad_medida_producto, area_producto, cantidad_producto, estatus_producto, fecha_producto) VALUES (111, 'AROMATIZANTE RECARGADO 1 L TORONJA', 'PZA', 'QUIMO', 1.000, false, '2025-07-30');
INSERT INTO productos (id_producto, nombre_producto, unidad_medida_producto, area_producto, cantidad_producto, estatus_producto, fecha_producto) VALUES (112, 'AROMATIZANTE RECARGADO 1 L CITRONELA', 'PZA', 'QUIMO', 1.000, false, '2025-07-30');
INSERT INTO productos (id_producto, nombre_producto, unidad_medida_producto, area_producto, cantidad_producto, estatus_producto, fecha_producto) VALUES (113, 'AROMATIZANTE RECARGADO 1 L GREEN BAMBÚ', 'PZA', 'QUIMO', 1.000, false, '2025-07-30');
INSERT INTO productos (id_producto, nombre_producto, unidad_medida_producto, area_producto, cantidad_producto, estatus_producto, fecha_producto) VALUES (114, 'AROMATIZANTES ESPECIALES 500 ML', 'PZA', 'QUIMO', 1.000, false, '2025-07-30');
INSERT INTO productos (id_producto, nombre_producto, unidad_medida_producto, area_producto, cantidad_producto, estatus_producto, fecha_producto) VALUES (115, 'AROMATIZANTE 500 ML HUGO BOSS', 'PZA', 'QUIMO', 1.000, false, '2025-07-30');
INSERT INTO productos (id_producto, nombre_producto, unidad_medida_producto, area_producto, cantidad_producto, estatus_producto, fecha_producto) VALUES (116, 'AROMATIZANTE 500 ML LACOSTE BLANCO', 'PZA', 'QUIMO', 1.000, false, '2025-07-30');
INSERT INTO productos (id_producto, nombre_producto, unidad_medida_producto, area_producto, cantidad_producto, estatus_producto, fecha_producto) VALUES (117, 'AROMATIZANTE 500 ML CK ONE', 'PZA', 'QUIMO', 1.000, false, '2025-07-30');
INSERT INTO productos (id_producto, nombre_producto, unidad_medida_producto, area_producto, cantidad_producto, estatus_producto, fecha_producto) VALUES (118, 'AROMATIZANTE 500 ML ANIMALE', 'PZA', 'QUIMO', 1.000, false, '2025-07-30');
INSERT INTO productos (id_producto, nombre_producto, unidad_medida_producto, area_producto, cantidad_producto, estatus_producto, fecha_producto) VALUES (119, 'AROMATIZANTE 500 ML ONE MILLION', 'PZA', 'QUIMO', 1.000, false, '2025-07-30');
INSERT INTO productos (id_producto, nombre_producto, unidad_medida_producto, area_producto, cantidad_producto, estatus_producto, fecha_producto) VALUES (120, 'AROMATIZANTE 500 ML SAUVAGE', 'PZA', 'QUIMO', 1.000, false, '2025-07-30');
INSERT INTO productos (id_producto, nombre_producto, unidad_medida_producto, area_producto, cantidad_producto, estatus_producto, fecha_producto) VALUES (122, 'AMINA JAF', 'KG', 'QUIMO', 0.000, false, '2025-08-06');
INSERT INTO productos (id_producto, nombre_producto, unidad_medida_producto, area_producto, cantidad_producto, estatus_producto, fecha_producto) VALUES (124, 'ENZIM RND', 'KG', 'QUIMO', 0.000, false, '2025-08-06');
INSERT INTO productos (id_producto, nombre_producto, unidad_medida_producto, area_producto, cantidad_producto, estatus_producto, fecha_producto) VALUES (125, 'ENZIM PEL', 'KG', 'QUIMO', 0.000, false, '2025-08-06');
INSERT INTO productos (id_producto, nombre_producto, unidad_medida_producto, area_producto, cantidad_producto, estatus_producto, fecha_producto) VALUES (126, 'DESLIZANTE', 'KG', 'QUIMO', 0.000, false, '2025-08-06');
INSERT INTO productos (id_producto, nombre_producto, unidad_medida_producto, area_producto, cantidad_producto, estatus_producto, fecha_producto) VALUES (127, 'IMPEOIL SOFT', 'KG', 'QUIMO', 0.000, false, '2025-08-06');
INSERT INTO productos (id_producto, nombre_producto, unidad_medida_producto, area_producto, cantidad_producto, estatus_producto, fecha_producto) VALUES (128, 'IMPEHUM HB', 'KG', 'QUIMO', 0.000, false, '2025-08-06');
INSERT INTO productos (id_producto, nombre_producto, unidad_medida_producto, area_producto, cantidad_producto, estatus_producto, fecha_producto) VALUES (129, 'FIXQUIMO', 'KG', 'QUIMO', 0.000, false, '2025-08-06');
INSERT INTO productos (id_producto, nombre_producto, unidad_medida_producto, area_producto, cantidad_producto, estatus_producto, fecha_producto) VALUES (130, 'FIXQUIMO PREDILUIDO', 'KG', 'QUIMO', 0.000, false, '2025-08-06');
INSERT INTO productos (id_producto, nombre_producto, unidad_medida_producto, area_producto, cantidad_producto, estatus_producto, fecha_producto) VALUES (131, 'SUAVIZANTE DE ROPA', 'KG', 'QUIMO', 0.000, false, '2025-08-06');
INSERT INTO productos (id_producto, nombre_producto, unidad_medida_producto, area_producto, cantidad_producto, estatus_producto, fecha_producto) VALUES (132, 'JABÓN PARA MANOS LIQUIDO', 'KG', 'QUIMO', 0.000, false, '2025-08-06');
INSERT INTO productos (id_producto, nombre_producto, unidad_medida_producto, area_producto, cantidad_producto, estatus_producto, fecha_producto) VALUES (133, 'AROMATIZANTE', 'KG', 'QUIMO', 0.000, false, '2025-08-06');
INSERT INTO productos (id_producto, nombre_producto, unidad_medida_producto, area_producto, cantidad_producto, estatus_producto, fecha_producto) VALUES (134, 'VINIL PARA INTERIORES', 'KG', 'QUIMO', 0.000, false, '2025-08-06');
INSERT INTO productos (id_producto, nombre_producto, unidad_medida_producto, area_producto, cantidad_producto, estatus_producto, fecha_producto) VALUES (135, 'MÁS NEGRO', 'KG', 'QUIMO', 0.000, false, '2025-08-06');
INSERT INTO productos (id_producto, nombre_producto, unidad_medida_producto, area_producto, cantidad_producto, estatus_producto, fecha_producto) VALUES (136, 'CLORO CLEAN', 'KG', 'QUIMO', 0.000, false, '2025-08-06');
INSERT INTO productos (id_producto, nombre_producto, unidad_medida_producto, area_producto, cantidad_producto, estatus_producto, fecha_producto) VALUES (137, 'JABÓN PARA TRASTES LÍQUIDO LIMÓN', 'KG', 'QUIMO', 0.000, false, '2025-08-06');
INSERT INTO productos (id_producto, nombre_producto, unidad_medida_producto, area_producto, cantidad_producto, estatus_producto, fecha_producto) VALUES (138, 'DETERGENTE LÍQUIDO PARA ROPA DE COLOR', 'KG', 'QUIMO', 0.000, false, '2025-08-06');
INSERT INTO productos (id_producto, nombre_producto, unidad_medida_producto, area_producto, cantidad_producto, estatus_producto, fecha_producto) VALUES (139, 'DETERCON', 'KG', 'QUIMO', 0.000, false, '2025-08-06');
INSERT INTO productos (id_producto, nombre_producto, unidad_medida_producto, area_producto, cantidad_producto, estatus_producto, fecha_producto) VALUES (140, 'AROMATIZANTE RECARGADO', 'KG', 'QUIMO', 0.000, false, '2025-08-06');
INSERT INTO productos (id_producto, nombre_producto, unidad_medida_producto, area_producto, cantidad_producto, estatus_producto, fecha_producto) VALUES (141, 'JABÓN PARA TRASTES LÍQUIDO', 'KG', 'QUIMO', 0.000, false, '2025-08-06');
INSERT INTO productos (id_producto, nombre_producto, unidad_medida_producto, area_producto, cantidad_producto, estatus_producto, fecha_producto) VALUES (142, 'LIMPIA PISOS', 'KG', 'QUIMO', 0.000, false, '2025-08-06');
INSERT INTO productos (id_producto, nombre_producto, unidad_medida_producto, area_producto, cantidad_producto, estatus_producto, fecha_producto) VALUES (143, 'JABÓN QUIMO LÍQUIDO', 'KG', 'QUIMO', 0.000, false, '2025-08-06');
INSERT INTO productos (id_producto, nombre_producto, unidad_medida_producto, area_producto, cantidad_producto, estatus_producto, fecha_producto) VALUES (144, 'FINISH', 'KG', 'QUIMO', 0.000, false, '2025-08-06');
INSERT INTO productos (id_producto, nombre_producto, unidad_medida_producto, area_producto, cantidad_producto, estatus_producto, fecha_producto) VALUES (145, 'TIPO VANISH LÍQUIDO', 'KG', 'QUIMO', 0.000, false, '2025-08-06');
INSERT INTO productos (id_producto, nombre_producto, unidad_medida_producto, area_producto, cantidad_producto, estatus_producto, fecha_producto) VALUES (76, 'ABRILLANTADOR DE LLANTAS', 'L', 'QUIMO', 0.000, false, '2025-07-30');
INSERT INTO productos (id_producto, nombre_producto, unidad_medida_producto, area_producto, cantidad_producto, estatus_producto, fecha_producto) VALUES (121, 'AMINA JB', 'KG', 'QUIMO', 1291.000, false, '2025-08-06');
INSERT INTO productos (id_producto, nombre_producto, unidad_medida_producto, area_producto, cantidad_producto, estatus_producto, fecha_producto) VALUES (123, 'ENZIM REM', 'KG', 'QUIMO', 50.000, false, '2025-08-06');


--
-- Data for Name: formulas; Type: TABLE DATA; Schema: public; Owner: postgres
--

INSERT INTO formulas (id_formula_mp, id_producto, id_mp, porcentaje) VALUES (1, 121, 188, 19.23);
INSERT INTO formulas (id_formula_mp, id_producto, id_mp, porcentaje) VALUES (2, 121, 245, 3.07);
INSERT INTO formulas (id_formula_mp, id_producto, id_mp, porcentaje) VALUES (3, 121, 134, 0.77);
INSERT INTO formulas (id_formula_mp, id_producto, id_mp, porcentaje) VALUES (4, 121, 137, 76.93);
INSERT INTO formulas (id_formula_mp, id_producto, id_mp, porcentaje) VALUES (5, 122, 188, 23.00);
INSERT INTO formulas (id_formula_mp, id_producto, id_mp, porcentaje) VALUES (6, 122, 245, 3.10);
INSERT INTO formulas (id_formula_mp, id_producto, id_mp, porcentaje) VALUES (7, 122, 134, 1.15);
INSERT INTO formulas (id_formula_mp, id_producto, id_mp, porcentaje) VALUES (8, 122, 137, 73.00);
INSERT INTO formulas (id_formula_mp, id_producto, id_mp, porcentaje) VALUES (9, 123, 242, 2.00);
INSERT INTO formulas (id_formula_mp, id_producto, id_mp, porcentaje) VALUES (10, 123, 152, 98.00);
INSERT INTO formulas (id_formula_mp, id_producto, id_mp, porcentaje) VALUES (11, 124, 135, 2.00);
INSERT INTO formulas (id_formula_mp, id_producto, id_mp, porcentaje) VALUES (12, 124, 152, 98.00);
INSERT INTO formulas (id_formula_mp, id_producto, id_mp, porcentaje) VALUES (13, 125, 168, 2.00);
INSERT INTO formulas (id_formula_mp, id_producto, id_mp, porcentaje) VALUES (14, 125, 152, 98.00);
INSERT INTO formulas (id_formula_mp, id_producto, id_mp, porcentaje) VALUES (15, 126, 173, 25.00);
INSERT INTO formulas (id_formula_mp, id_producto, id_mp, porcentaje) VALUES (16, 126, 174, 25.00);
INSERT INTO formulas (id_formula_mp, id_producto, id_mp, porcentaje) VALUES (17, 126, 152, 50.00);
INSERT INTO formulas (id_formula_mp, id_producto, id_mp, porcentaje) VALUES (18, 127, 126, 42.00);
INSERT INTO formulas (id_formula_mp, id_producto, id_mp, porcentaje) VALUES (19, 127, 255, 7.00);
INSERT INTO formulas (id_formula_mp, id_producto, id_mp, porcentaje) VALUES (20, 127, 136, 1.50);
INSERT INTO formulas (id_formula_mp, id_producto, id_mp, porcentaje) VALUES (21, 127, 137, 47.75);
INSERT INTO formulas (id_formula_mp, id_producto, id_mp, porcentaje) VALUES (22, 127, 186, 0.38);
INSERT INTO formulas (id_formula_mp, id_producto, id_mp, porcentaje) VALUES (23, 127, 180, 1.13);
INSERT INTO formulas (id_formula_mp, id_producto, id_mp, porcentaje) VALUES (24, 127, 169, 0.25);
INSERT INTO formulas (id_formula_mp, id_producto, id_mp, porcentaje) VALUES (25, 128, 249, 2.50);
INSERT INTO formulas (id_formula_mp, id_producto, id_mp, porcentaje) VALUES (26, 128, 136, 10.00);
INSERT INTO formulas (id_formula_mp, id_producto, id_mp, porcentaje) VALUES (27, 128, 137, 87.50);
INSERT INTO formulas (id_formula_mp, id_producto, id_mp, porcentaje) VALUES (28, 129, 256, 1.00);
INSERT INTO formulas (id_formula_mp, id_producto, id_mp, porcentaje) VALUES (29, 129, 137, 99.00);
INSERT INTO formulas (id_formula_mp, id_producto, id_mp, porcentaje) VALUES (30, 130, 256, 1.00);
INSERT INTO formulas (id_formula_mp, id_producto, id_mp, porcentaje) VALUES (31, 130, 137, 99.00);
INSERT INTO formulas (id_formula_mp, id_producto, id_mp, porcentaje) VALUES (32, 131, 187, 3.00);
INSERT INTO formulas (id_formula_mp, id_producto, id_mp, porcentaje) VALUES (33, 131, 143, 0.25);
INSERT INTO formulas (id_formula_mp, id_producto, id_mp, porcentaje) VALUES (34, 131, 137, 95.72);
INSERT INTO formulas (id_formula_mp, id_producto, id_mp, porcentaje) VALUES (35, 131, 183, 0.15);
INSERT INTO formulas (id_formula_mp, id_producto, id_mp, porcentaje) VALUES (36, 131, 257, 0.50);
INSERT INTO formulas (id_formula_mp, id_producto, id_mp, porcentaje) VALUES (37, 131, 146, 0.03);
INSERT INTO formulas (id_formula_mp, id_producto, id_mp, porcentaje) VALUES (38, 131, 252, 0.35);
INSERT INTO formulas (id_formula_mp, id_producto, id_mp, porcentaje) VALUES (39, 74, 137, 89.88);
INSERT INTO formulas (id_formula_mp, id_producto, id_mp, porcentaje) VALUES (40, 74, 130, 0.20);
INSERT INTO formulas (id_formula_mp, id_producto, id_mp, porcentaje) VALUES (41, 74, 154, 1.50);
INSERT INTO formulas (id_formula_mp, id_producto, id_mp, porcentaje) VALUES (42, 74, 244, 7.02);
INSERT INTO formulas (id_formula_mp, id_producto, id_mp, porcentaje) VALUES (43, 74, 176, 1.00);
INSERT INTO formulas (id_formula_mp, id_producto, id_mp, porcentaje) VALUES (44, 74, 193, 0.20);
INSERT INTO formulas (id_formula_mp, id_producto, id_mp, porcentaje) VALUES (45, 74, 254, 0.20);
INSERT INTO formulas (id_formula_mp, id_producto, id_mp, porcentaje) VALUES (46, 24, 176, 0.66);
INSERT INTO formulas (id_formula_mp, id_producto, id_mp, porcentaje) VALUES (47, 24, 179, 0.41);
INSERT INTO formulas (id_formula_mp, id_producto, id_mp, porcentaje) VALUES (48, 24, 244, 0.83);
INSERT INTO formulas (id_formula_mp, id_producto, id_mp, porcentaje) VALUES (49, 24, 146, 0.03);
INSERT INTO formulas (id_formula_mp, id_producto, id_mp, porcentaje) VALUES (50, 24, 193, 0.50);
INSERT INTO formulas (id_formula_mp, id_producto, id_mp, porcentaje) VALUES (51, 24, 183, 0.33);
INSERT INTO formulas (id_formula_mp, id_producto, id_mp, porcentaje) VALUES (52, 24, 137, 96.78);
INSERT INTO formulas (id_formula_mp, id_producto, id_mp, porcentaje) VALUES (53, 24, 238, 0.46);
INSERT INTO formulas (id_formula_mp, id_producto, id_mp, porcentaje) VALUES (54, 132, 176, 5.40);
INSERT INTO formulas (id_formula_mp, id_producto, id_mp, porcentaje) VALUES (55, 132, 172, 0.50);
INSERT INTO formulas (id_formula_mp, id_producto, id_mp, porcentaje) VALUES (56, 132, 165, 0.10);
INSERT INTO formulas (id_formula_mp, id_producto, id_mp, porcentaje) VALUES (57, 132, 141, 2.50);
INSERT INTO formulas (id_formula_mp, id_producto, id_mp, porcentaje) VALUES (58, 132, 147, 2.00);
INSERT INTO formulas (id_formula_mp, id_producto, id_mp, porcentaje) VALUES (59, 132, 243, 0.20);
INSERT INTO formulas (id_formula_mp, id_producto, id_mp, porcentaje) VALUES (60, 132, 137, 88.75);
INSERT INTO formulas (id_formula_mp, id_producto, id_mp, porcentaje) VALUES (61, 132, 146, 0.05);
INSERT INTO formulas (id_formula_mp, id_producto, id_mp, porcentaje) VALUES (62, 132, 253, 0.50);
INSERT INTO formulas (id_formula_mp, id_producto, id_mp, porcentaje) VALUES (63, 25, 176, 0.67);
INSERT INTO formulas (id_formula_mp, id_producto, id_mp, porcentaje) VALUES (64, 25, 179, 0.42);
INSERT INTO formulas (id_formula_mp, id_producto, id_mp, porcentaje) VALUES (65, 25, 244, 0.83);
INSERT INTO formulas (id_formula_mp, id_producto, id_mp, porcentaje) VALUES (66, 25, 146, 0.03);
INSERT INTO formulas (id_formula_mp, id_producto, id_mp, porcentaje) VALUES (67, 25, 194, 0.50);
INSERT INTO formulas (id_formula_mp, id_producto, id_mp, porcentaje) VALUES (68, 25, 183, 0.33);
INSERT INTO formulas (id_formula_mp, id_producto, id_mp, porcentaje) VALUES (69, 25, 137, 96.76);
INSERT INTO formulas (id_formula_mp, id_producto, id_mp, porcentaje) VALUES (70, 25, 234, 0.46);
INSERT INTO formulas (id_formula_mp, id_producto, id_mp, porcentaje) VALUES (71, 133, 248, 1.50);
INSERT INTO formulas (id_formula_mp, id_producto, id_mp, porcentaje) VALUES (72, 133, 194, 1.50);
INSERT INTO formulas (id_formula_mp, id_producto, id_mp, porcentaje) VALUES (73, 133, 183, 1.50);
INSERT INTO formulas (id_formula_mp, id_producto, id_mp, porcentaje) VALUES (74, 133, 137, 94.50);
INSERT INTO formulas (id_formula_mp, id_producto, id_mp, porcentaje) VALUES (75, 133, 241, 1.00);
INSERT INTO formulas (id_formula_mp, id_producto, id_mp, porcentaje) VALUES (76, 134, 137, 71.80);
INSERT INTO formulas (id_formula_mp, id_producto, id_mp, porcentaje) VALUES (77, 134, 172, 15.00);
INSERT INTO formulas (id_formula_mp, id_producto, id_mp, porcentaje) VALUES (78, 134, 167, 10.00);
INSERT INTO formulas (id_formula_mp, id_producto, id_mp, porcentaje) VALUES (79, 134, 232, 3.00);
INSERT INTO formulas (id_formula_mp, id_producto, id_mp, porcentaje) VALUES (80, 134, 258, 0.20);
INSERT INTO formulas (id_formula_mp, id_producto, id_mp, porcentaje) VALUES (81, 72, 176, 25.00);
INSERT INTO formulas (id_formula_mp, id_producto, id_mp, porcentaje) VALUES (82, 72, 131, 25.00);
INSERT INTO formulas (id_formula_mp, id_producto, id_mp, porcentaje) VALUES (83, 72, 179, 5.83);
INSERT INTO formulas (id_formula_mp, id_producto, id_mp, porcentaje) VALUES (84, 72, 216, 0.75);
INSERT INTO formulas (id_formula_mp, id_producto, id_mp, porcentaje) VALUES (85, 72, 137, 43.42);
INSERT INTO formulas (id_formula_mp, id_producto, id_mp, porcentaje) VALUES (86, 135, 137, 67.51);
INSERT INTO formulas (id_formula_mp, id_producto, id_mp, porcentaje) VALUES (87, 135, 165, 0.17);
INSERT INTO formulas (id_formula_mp, id_producto, id_mp, porcentaje) VALUES (88, 135, 146, 0.20);
INSERT INTO formulas (id_formula_mp, id_producto, id_mp, porcentaje) VALUES (89, 135, 163, 16.00);
INSERT INTO formulas (id_formula_mp, id_producto, id_mp, porcentaje) VALUES (90, 135, 176, 11.67);
INSERT INTO formulas (id_formula_mp, id_producto, id_mp, porcentaje) VALUES (91, 135, 141, 2.00);
INSERT INTO formulas (id_formula_mp, id_producto, id_mp, porcentaje) VALUES (92, 135, 209, 0.18);
INSERT INTO formulas (id_formula_mp, id_producto, id_mp, porcentaje) VALUES (93, 135, 157, 0.21);
INSERT INTO formulas (id_formula_mp, id_producto, id_mp, porcentaje) VALUES (94, 135, 184, 1.40);
INSERT INTO formulas (id_formula_mp, id_producto, id_mp, porcentaje) VALUES (95, 135, 183, 0.75);
INSERT INTO formulas (id_formula_mp, id_producto, id_mp, porcentaje) VALUES (96, 69, 126, 70.00);
INSERT INTO formulas (id_formula_mp, id_producto, id_mp, porcentaje) VALUES (97, 69, 171, 30.00);
INSERT INTO formulas (id_formula_mp, id_producto, id_mp, porcentaje) VALUES (98, 136, 175, 30.56);
INSERT INTO formulas (id_formula_mp, id_producto, id_mp, porcentaje) VALUES (99, 136, 137, 69.34);
INSERT INTO formulas (id_formula_mp, id_producto, id_mp, porcentaje) VALUES (100, 136, 165, 0.10);
INSERT INTO formulas (id_formula_mp, id_producto, id_mp, porcentaje) VALUES (101, 137, 137, 68.43);
INSERT INTO formulas (id_formula_mp, id_producto, id_mp, porcentaje) VALUES (102, 137, 163, 12.50);
INSERT INTO formulas (id_formula_mp, id_producto, id_mp, porcentaje) VALUES (103, 137, 176, 15.00);
INSERT INTO formulas (id_formula_mp, id_producto, id_mp, porcentaje) VALUES (104, 137, 141, 1.00);
INSERT INTO formulas (id_formula_mp, id_producto, id_mp, porcentaje) VALUES (105, 137, 193, 0.05);
INSERT INTO formulas (id_formula_mp, id_producto, id_mp, porcentaje) VALUES (106, 137, 162, 0.03);
INSERT INTO formulas (id_formula_mp, id_producto, id_mp, porcentaje) VALUES (107, 137, 184, 3.00);
INSERT INTO formulas (id_formula_mp, id_producto, id_mp, porcentaje) VALUES (108, 138, 137, 79.72);
INSERT INTO formulas (id_formula_mp, id_producto, id_mp, porcentaje) VALUES (109, 138, 163, 5.91);
INSERT INTO formulas (id_formula_mp, id_producto, id_mp, porcentaje) VALUES (110, 138, 176, 9.85);
INSERT INTO formulas (id_formula_mp, id_producto, id_mp, porcentaje) VALUES (111, 138, 147, 1.48);
INSERT INTO formulas (id_formula_mp, id_producto, id_mp, porcentaje) VALUES (112, 138, 209, 0.05);
INSERT INTO formulas (id_formula_mp, id_producto, id_mp, porcentaje) VALUES (113, 138, 155, 0.01);
INSERT INTO formulas (id_formula_mp, id_producto, id_mp, porcentaje) VALUES (114, 138, 184, 2.96);
INSERT INTO formulas (id_formula_mp, id_producto, id_mp, porcentaje) VALUES (115, 138, 239, 0.02);
INSERT INTO formulas (id_formula_mp, id_producto, id_mp, porcentaje) VALUES (116, 139, 137, 82.26);
INSERT INTO formulas (id_formula_mp, id_producto, id_mp, porcentaje) VALUES (117, 139, 136, 14.52);
INSERT INTO formulas (id_formula_mp, id_producto, id_mp, porcentaje) VALUES (118, 139, 235, 3.23);
INSERT INTO formulas (id_formula_mp, id_producto, id_mp, porcentaje) VALUES (119, 54, 187, 3.00);
INSERT INTO formulas (id_formula_mp, id_producto, id_mp, porcentaje) VALUES (120, 54, 143, 0.25);
INSERT INTO formulas (id_formula_mp, id_producto, id_mp, porcentaje) VALUES (121, 54, 146, 0.03);
INSERT INTO formulas (id_formula_mp, id_producto, id_mp, porcentaje) VALUES (122, 54, 137, 95.72);
INSERT INTO formulas (id_formula_mp, id_producto, id_mp, porcentaje) VALUES (123, 54, 183, 0.15);
INSERT INTO formulas (id_formula_mp, id_producto, id_mp, porcentaje) VALUES (124, 54, 246, 0.35);
INSERT INTO formulas (id_formula_mp, id_producto, id_mp, porcentaje) VALUES (125, 54, 215, 0.50);
INSERT INTO formulas (id_formula_mp, id_producto, id_mp, porcentaje) VALUES (126, 55, 187, 3.00);
INSERT INTO formulas (id_formula_mp, id_producto, id_mp, porcentaje) VALUES (127, 55, 143, 0.25);
INSERT INTO formulas (id_formula_mp, id_producto, id_mp, porcentaje) VALUES (128, 55, 146, 0.03);
INSERT INTO formulas (id_formula_mp, id_producto, id_mp, porcentaje) VALUES (129, 55, 137, 95.72);
INSERT INTO formulas (id_formula_mp, id_producto, id_mp, porcentaje) VALUES (130, 55, 183, 0.15);
INSERT INTO formulas (id_formula_mp, id_producto, id_mp, porcentaje) VALUES (131, 55, 207, 0.50);
INSERT INTO formulas (id_formula_mp, id_producto, id_mp, porcentaje) VALUES (132, 55, 213, 0.50);
INSERT INTO formulas (id_formula_mp, id_producto, id_mp, porcentaje) VALUES (133, 140, 183, 3.00);
INSERT INTO formulas (id_formula_mp, id_producto, id_mp, porcentaje) VALUES (134, 140, 137, 93.40);
INSERT INTO formulas (id_formula_mp, id_producto, id_mp, porcentaje) VALUES (135, 140, 258, 1.80);
INSERT INTO formulas (id_formula_mp, id_producto, id_mp, porcentaje) VALUES (136, 140, 248, 1.80);
INSERT INTO formulas (id_formula_mp, id_producto, id_mp, porcentaje) VALUES (137, 141, 137, 68.43);
INSERT INTO formulas (id_formula_mp, id_producto, id_mp, porcentaje) VALUES (138, 141, 163, 12.50);
INSERT INTO formulas (id_formula_mp, id_producto, id_mp, porcentaje) VALUES (139, 141, 176, 15.00);
INSERT INTO formulas (id_formula_mp, id_producto, id_mp, porcentaje) VALUES (140, 141, 141, 1.00);
INSERT INTO formulas (id_formula_mp, id_producto, id_mp, porcentaje) VALUES (141, 141, 204, 0.05);
INSERT INTO formulas (id_formula_mp, id_producto, id_mp, porcentaje) VALUES (142, 141, 162, 0.03);
INSERT INTO formulas (id_formula_mp, id_producto, id_mp, porcentaje) VALUES (143, 141, 184, 3.00);
INSERT INTO formulas (id_formula_mp, id_producto, id_mp, porcentaje) VALUES (144, 142, 137, 95.00);
INSERT INTO formulas (id_formula_mp, id_producto, id_mp, porcentaje) VALUES (145, 142, 176, 2.00);
INSERT INTO formulas (id_formula_mp, id_producto, id_mp, porcentaje) VALUES (146, 142, 179, 0.50);
INSERT INTO formulas (id_formula_mp, id_producto, id_mp, porcentaje) VALUES (147, 142, 163, 2.00);
INSERT INTO formulas (id_formula_mp, id_producto, id_mp, porcentaje) VALUES (148, 142, 169, 0.05);
INSERT INTO formulas (id_formula_mp, id_producto, id_mp, porcentaje) VALUES (149, 142, 233, 0.20);
INSERT INTO formulas (id_formula_mp, id_producto, id_mp, porcentaje) VALUES (150, 142, 241, 0.25);
INSERT INTO formulas (id_formula_mp, id_producto, id_mp, porcentaje) VALUES (151, 66, 137, 75.47);
INSERT INTO formulas (id_formula_mp, id_producto, id_mp, porcentaje) VALUES (152, 66, 136, 15.00);
INSERT INTO formulas (id_formula_mp, id_producto, id_mp, porcentaje) VALUES (153, 66, 179, 2.00);
INSERT INTO formulas (id_formula_mp, id_producto, id_mp, porcentaje) VALUES (154, 66, 124, 1.00);
INSERT INTO formulas (id_formula_mp, id_producto, id_mp, porcentaje) VALUES (155, 66, 250, 5.00);
INSERT INTO formulas (id_formula_mp, id_producto, id_mp, porcentaje) VALUES (156, 66, 186, 1.50);
INSERT INTO formulas (id_formula_mp, id_producto, id_mp, porcentaje) VALUES (157, 66, 146, 0.03);
INSERT INTO formulas (id_formula_mp, id_producto, id_mp, porcentaje) VALUES (158, 143, 251, 5.00);
INSERT INTO formulas (id_formula_mp, id_producto, id_mp, porcentaje) VALUES (159, 143, 236, 6.00);
INSERT INTO formulas (id_formula_mp, id_producto, id_mp, porcentaje) VALUES (160, 143, 258, 0.50);
INSERT INTO formulas (id_formula_mp, id_producto, id_mp, porcentaje) VALUES (161, 143, 137, 88.40);
INSERT INTO formulas (id_formula_mp, id_producto, id_mp, porcentaje) VALUES (162, 143, 165, 0.10);
INSERT INTO formulas (id_formula_mp, id_producto, id_mp, porcentaje) VALUES (163, 144, 137, 75.00);
INSERT INTO formulas (id_formula_mp, id_producto, id_mp, porcentaje) VALUES (164, 144, 165, 0.20);
INSERT INTO formulas (id_formula_mp, id_producto, id_mp, porcentaje) VALUES (165, 144, 176, 16.00);
INSERT INTO formulas (id_formula_mp, id_producto, id_mp, porcentaje) VALUES (166, 144, 179, 4.00);
INSERT INTO formulas (id_formula_mp, id_producto, id_mp, porcentaje) VALUES (167, 144, 151, 1.00);
INSERT INTO formulas (id_formula_mp, id_producto, id_mp, porcentaje) VALUES (168, 144, 240, 3.00);
INSERT INTO formulas (id_formula_mp, id_producto, id_mp, porcentaje) VALUES (169, 144, 150, 0.10);
INSERT INTO formulas (id_formula_mp, id_producto, id_mp, porcentaje) VALUES (170, 144, 237, 0.50);
INSERT INTO formulas (id_formula_mp, id_producto, id_mp, porcentaje) VALUES (171, 144, 159, 0.20);
INSERT INTO formulas (id_formula_mp, id_producto, id_mp, porcentaje) VALUES (172, 145, 137, 90.00);
INSERT INTO formulas (id_formula_mp, id_producto, id_mp, porcentaje) VALUES (173, 145, 176, 5.02);
INSERT INTO formulas (id_formula_mp, id_producto, id_mp, porcentaje) VALUES (174, 145, 179, 0.05);
INSERT INTO formulas (id_formula_mp, id_producto, id_mp, porcentaje) VALUES (175, 145, 240, 3.77);
INSERT INTO formulas (id_formula_mp, id_producto, id_mp, porcentaje) VALUES (176, 145, 237, 0.05);
INSERT INTO formulas (id_formula_mp, id_producto, id_mp, porcentaje) VALUES (177, 145, 247, 1.20);


--
-- Data for Name: produccion; Type: TABLE DATA; Schema: public; Owner: postgres
--



--
-- Data for Name: productosreventa; Type: TABLE DATA; Schema: public; Owner: postgres
--

INSERT INTO productosreventa (id_prev, proveedor, nombre_prev, unidad_medida_prev, area_prev, cantidad_prev, estatus_prev) VALUES (1, 29, 'PAPEL HIGIENICO 180 MTS C/12 PZS', 'CAJA', 'QUIMO', 50.000, false);
INSERT INTO productosreventa (id_prev, proveedor, nombre_prev, unidad_medida_prev, area_prev, cantidad_prev, estatus_prev) VALUES (2, 29, 'TOALLA ROLLO 160 MTS C/6 PZS', 'CAJA', 'QUIMO', 30.000, false);
INSERT INTO productosreventa (id_prev, proveedor, nombre_prev, unidad_medida_prev, area_prev, cantidad_prev, estatus_prev) VALUES (3, 29, 'DALITAS TOALLA INTERDOBLAS C/20 PZS', 'CAJA', 'QUIMO', 40.000, false);
INSERT INTO productosreventa (id_prev, proveedor, nombre_prev, unidad_medida_prev, area_prev, cantidad_prev, estatus_prev) VALUES (4, 30, 'BASE P/MOP 60 CM', 'PZA', 'QUIMO', 25.000, false);
INSERT INTO productosreventa (id_prev, proveedor, nombre_prev, unidad_medida_prev, area_prev, cantidad_prev, estatus_prev) VALUES (5, 30, 'FUNDA P/MOP 60 CM', 'PZA', 'QUIMO', 50.000, false);
INSERT INTO productosreventa (id_prev, proveedor, nombre_prev, unidad_medida_prev, area_prev, cantidad_prev, estatus_prev) VALUES (6, 30, 'BASE P/MOP 90 CM', 'PZA', 'QUIMO', 20.000, false);
INSERT INTO productosreventa (id_prev, proveedor, nombre_prev, unidad_medida_prev, area_prev, cantidad_prev, estatus_prev) VALUES (7, 30, 'FUNDA P/MOP 90 CM', 'PZA', 'QUIMO', 50.000, false);
INSERT INTO productosreventa (id_prev, proveedor, nombre_prev, unidad_medida_prev, area_prev, cantidad_prev, estatus_prev) VALUES (8, 30, 'BASE P/MOP 120 CM', 'PZA', 'QUIMO', 15.000, false);
INSERT INTO productosreventa (id_prev, proveedor, nombre_prev, unidad_medida_prev, area_prev, cantidad_prev, estatus_prev) VALUES (9, 30, 'FUNDA P/MOP 120 CM', 'PZA', 'QUIMO', 30.000, false);
INSERT INTO productosreventa (id_prev, proveedor, nombre_prev, unidad_medida_prev, area_prev, cantidad_prev, estatus_prev) VALUES (10, 39, 'SCOTT ROLLOS DE TOALLAS', 'PZA', 'QUIMO', 100.000, false);
INSERT INTO productosreventa (id_prev, proveedor, nombre_prev, unidad_medida_prev, area_prev, cantidad_prev, estatus_prev) VALUES (11, 31, 'FIBRAS METALICA GRANDE', 'PZA', 'QUIMO', 200.000, false);
INSERT INTO productosreventa (id_prev, proveedor, nombre_prev, unidad_medida_prev, area_prev, cantidad_prev, estatus_prev) VALUES (12, 39, 'FIBRAS DOBLE CARA ECONOMICA', 'PZA', 'QUIMO', 150.000, false);
INSERT INTO productosreventa (id_prev, proveedor, nombre_prev, unidad_medida_prev, area_prev, cantidad_prev, estatus_prev) VALUES (13, 29, 'FIBRA-ESPONJA SCOTCH BRITE P94', 'PZA', 'QUIMO', 120.000, false);
INSERT INTO productosreventa (id_prev, proveedor, nombre_prev, unidad_medida_prev, area_prev, cantidad_prev, estatus_prev) VALUES (14, 29, 'FIBRA BLANCA SCOTCH BRITE P66', 'PZA', 'QUIMO', 120.000, false);
INSERT INTO productosreventa (id_prev, proveedor, nombre_prev, unidad_medida_prev, area_prev, cantidad_prev, estatus_prev) VALUES (15, 29, 'FIBRA NEGRA SCOTCH BRITE P76', 'PZA', 'QUIMO', 120.000, false);
INSERT INTO productosreventa (id_prev, proveedor, nombre_prev, unidad_medida_prev, area_prev, cantidad_prev, estatus_prev) VALUES (16, 32, 'FIBRA VERDE SCOTCH BRITE P96', 'PZA', 'QUIMO', 100.000, false);
INSERT INTO productosreventa (id_prev, proveedor, nombre_prev, unidad_medida_prev, area_prev, cantidad_prev, estatus_prev) VALUES (17, 31, 'FIBRA ACERO INOXIDABLE CHICA', 'PZA', 'QUIMO', 80.000, false);
INSERT INTO productosreventa (id_prev, proveedor, nombre_prev, unidad_medida_prev, area_prev, cantidad_prev, estatus_prev) VALUES (18, 31, 'FIBRA ACERO INOXIDABLE GRANDE', 'PZA', 'QUIMO', 80.000, false);
INSERT INTO productosreventa (id_prev, proveedor, nombre_prev, unidad_medida_prev, area_prev, cantidad_prev, estatus_prev) VALUES (19, 33, 'BOLSA NEGRA 60 X 90', 'KG', 'QUIMO', 10.000, false);
INSERT INTO productosreventa (id_prev, proveedor, nombre_prev, unidad_medida_prev, area_prev, cantidad_prev, estatus_prev) VALUES (20, 33, 'BOLSA NEGRA 90 X 120', 'KG', 'QUIMO', 10.000, false);
INSERT INTO productosreventa (id_prev, proveedor, nombre_prev, unidad_medida_prev, area_prev, cantidad_prev, estatus_prev) VALUES (21, 33, 'BOLSA NEGRA TIPO CAMISETA 30X60', 'KG', 'QUIMO', 5.000, false);
INSERT INTO productosreventa (id_prev, proveedor, nombre_prev, unidad_medida_prev, area_prev, cantidad_prev, estatus_prev) VALUES (22, 34, 'BOLSA NEGRA TIPO CAMIS.30X60', 'KG', 'QUIMO', 5.000, false);
INSERT INTO productosreventa (id_prev, proveedor, nombre_prev, unidad_medida_prev, area_prev, cantidad_prev, estatus_prev) VALUES (23, 39, 'BOLSA TIPO CAMISETA 20X50', 'KG', 'QUIMO', 5.000, false);
INSERT INTO productosreventa (id_prev, proveedor, nombre_prev, unidad_medida_prev, area_prev, cantidad_prev, estatus_prev) VALUES (24, 39, 'ROLLO DE BOLSA NEGRA 90X120 CM', 'PZA', 'QUIMO', 10.000, false);
INSERT INTO productosreventa (id_prev, proveedor, nombre_prev, unidad_medida_prev, area_prev, cantidad_prev, estatus_prev) VALUES (25, 39, 'ROLLO DE BOLSA NEGRA 50X70 CM', 'PZA', 'QUIMO', 10.000, false);
INSERT INTO productosreventa (id_prev, proveedor, nombre_prev, unidad_medida_prev, area_prev, cantidad_prev, estatus_prev) VALUES (26, 39, 'ROLLO DE BOLSA NEGRA 60X90 CM', 'PZA', 'QUIMO', 10.000, false);
INSERT INTO productosreventa (id_prev, proveedor, nombre_prev, unidad_medida_prev, area_prev, cantidad_prev, estatus_prev) VALUES (27, 39, 'ROLLO DE BOLSA TRANSPARENTE 20X30 CM', 'PZA', 'QUIMO', 15.000, false);
INSERT INTO productosreventa (id_prev, proveedor, nombre_prev, unidad_medida_prev, area_prev, cantidad_prev, estatus_prev) VALUES (28, 29, 'TAPETE PARA MINGITORIO ANTI-SALPICADURA', 'PZA', 'QUIMO', 20.000, false);
INSERT INTO productosreventa (id_prev, proveedor, nombre_prev, unidad_medida_prev, area_prev, cantidad_prev, estatus_prev) VALUES (29, 32, 'PASTILLA AROMATIZANTE PARA WC WIESE', 'PZA', 'QUIMO', 50.000, false);
INSERT INTO productosreventa (id_prev, proveedor, nombre_prev, unidad_medida_prev, area_prev, cantidad_prev, estatus_prev) VALUES (30, 32, 'PASTILLA AROMATIZANTE PARA WC AZULES WIESE', 'PZA', 'QUIMO', 50.000, false);
INSERT INTO productosreventa (id_prev, proveedor, nombre_prev, unidad_medida_prev, area_prev, cantidad_prev, estatus_prev) VALUES (31, 35, 'AROMATIZANTE EN AEROSOL WIESE 400 ML', 'PZA', 'QUIMO', 30.000, false);
INSERT INTO productosreventa (id_prev, proveedor, nombre_prev, unidad_medida_prev, area_prev, cantidad_prev, estatus_prev) VALUES (32, 31, 'PAR DE GUANTES ROJO CH', 'PAR', 'QUIMO', 100.000, false);
INSERT INTO productosreventa (id_prev, proveedor, nombre_prev, unidad_medida_prev, area_prev, cantidad_prev, estatus_prev) VALUES (33, 39, 'PAR DE GUANTES ROJO MD', 'PAR', 'QUIMO', 100.000, false);
INSERT INTO productosreventa (id_prev, proveedor, nombre_prev, unidad_medida_prev, area_prev, cantidad_prev, estatus_prev) VALUES (34, 39, 'PAR DE GUANTES ROJO GD', 'PAR', 'QUIMO', 100.000, false);
INSERT INTO productosreventa (id_prev, proveedor, nombre_prev, unidad_medida_prev, area_prev, cantidad_prev, estatus_prev) VALUES (35, 39, 'PAR DE GUANTES VERDE CH', 'PAR', 'QUIMO', 100.000, false);
INSERT INTO productosreventa (id_prev, proveedor, nombre_prev, unidad_medida_prev, area_prev, cantidad_prev, estatus_prev) VALUES (36, 39, 'PAR DE GUANTES VERDE MD', 'PAR', 'QUIMO', 100.000, false);
INSERT INTO productosreventa (id_prev, proveedor, nombre_prev, unidad_medida_prev, area_prev, cantidad_prev, estatus_prev) VALUES (37, 39, 'PAR DE GUANTES VERDE GD', 'PAR', 'QUIMO', 100.000, false);
INSERT INTO productosreventa (id_prev, proveedor, nombre_prev, unidad_medida_prev, area_prev, cantidad_prev, estatus_prev) VALUES (38, 39, 'CUBETA FLEXIBLE #18', 'PZA', 'QUIMO', 30.000, false);
INSERT INTO productosreventa (id_prev, proveedor, nombre_prev, unidad_medida_prev, area_prev, cantidad_prev, estatus_prev) VALUES (39, 39, 'CUBETA ECO STA MARIA #18', 'PZA', 'QUIMO', 30.000, false);
INSERT INTO productosreventa (id_prev, proveedor, nombre_prev, unidad_medida_prev, area_prev, cantidad_prev, estatus_prev) VALUES (40, 36, 'ATOMIZADOR USO RUDO SIN ENVASE', 'PZA', 'QUIMO', 20.000, false);
INSERT INTO productosreventa (id_prev, proveedor, nombre_prev, unidad_medida_prev, area_prev, cantidad_prev, estatus_prev) VALUES (41, 36, 'ATOMIZADOR USO RUDO CON ENVASE', 'PZA', 'QUIMO', 20.000, false);
INSERT INTO productosreventa (id_prev, proveedor, nombre_prev, unidad_medida_prev, area_prev, cantidad_prev, estatus_prev) VALUES (42, 39, 'BOMBA PARA WC', 'PZA', 'QUIMO', 15.000, false);
INSERT INTO productosreventa (id_prev, proveedor, nombre_prev, unidad_medida_prev, area_prev, cantidad_prev, estatus_prev) VALUES (43, 31, 'CEPILLO PARA WC C/BASE', 'PZA', 'QUIMO', 25.000, false);
INSERT INTO productosreventa (id_prev, proveedor, nombre_prev, unidad_medida_prev, area_prev, cantidad_prev, estatus_prev) VALUES (44, 31, 'EMBUDO CHICO', 'PZA', 'QUIMO', 30.000, false);
INSERT INTO productosreventa (id_prev, proveedor, nombre_prev, unidad_medida_prev, area_prev, cantidad_prev, estatus_prev) VALUES (45, 31, 'EMBUDO MEDIANO', 'PZA', 'QUIMO', 30.000, false);
INSERT INTO productosreventa (id_prev, proveedor, nombre_prev, unidad_medida_prev, area_prev, cantidad_prev, estatus_prev) VALUES (46, 31, 'EMBUDO GRANDE', 'PZA', 'QUIMO', 20.000, false);
INSERT INTO productosreventa (id_prev, proveedor, nombre_prev, unidad_medida_prev, area_prev, cantidad_prev, estatus_prev) VALUES (47, 37, 'FRANELA MICROFIBRA 40 X 40 CM', 'PZA', 'QUIMO', 50.000, false);
INSERT INTO productosreventa (id_prev, proveedor, nombre_prev, unidad_medida_prev, area_prev, cantidad_prev, estatus_prev) VALUES (48, 39, 'RECOGEDOR DE PLASTICO ECONOMICO', 'PZA', 'QUIMO', 20.000, false);
INSERT INTO productosreventa (id_prev, proveedor, nombre_prev, unidad_medida_prev, area_prev, cantidad_prev, estatus_prev) VALUES (49, 39, 'RECOGEDOR PLASTICO PERICO', 'PZA', 'QUIMO', 20.000, false);
INSERT INTO productosreventa (id_prev, proveedor, nombre_prev, unidad_medida_prev, area_prev, cantidad_prev, estatus_prev) VALUES (50, 39, 'RECOGEDOR DE METAL', 'PZA', 'QUIMO', 15.000, false);
INSERT INTO productosreventa (id_prev, proveedor, nombre_prev, unidad_medida_prev, area_prev, cantidad_prev, estatus_prev) VALUES (51, 39, 'RECOGEDOR DE METAL REFORZADO (INDUSTRIAL)', 'PZA', 'QUIMO', 10.000, false);
INSERT INTO productosreventa (id_prev, proveedor, nombre_prev, unidad_medida_prev, area_prev, cantidad_prev, estatus_prev) VALUES (52, 30, 'CEPILLO SUPER GRANDE', 'PZA', 'QUIMO', 15.000, false);
INSERT INTO productosreventa (id_prev, proveedor, nombre_prev, unidad_medida_prev, area_prev, cantidad_prev, estatus_prev) VALUES (53, 30, 'CEPILLO ECONOMICO', 'PZA', 'QUIMO', 20.000, false);
INSERT INTO productosreventa (id_prev, proveedor, nombre_prev, unidad_medida_prev, area_prev, cantidad_prev, estatus_prev) VALUES (54, 30, 'ABANICO LARGO GRANDE', 'PZA', 'QUIMO', 10.000, false);
INSERT INTO productosreventa (id_prev, proveedor, nombre_prev, unidad_medida_prev, area_prev, cantidad_prev, estatus_prev) VALUES (55, 39, 'PLUMERO', 'PZA', 'QUIMO', 15.000, false);
INSERT INTO productosreventa (id_prev, proveedor, nombre_prev, unidad_medida_prev, area_prev, cantidad_prev, estatus_prev) VALUES (56, 39, 'MIROSLAVA PAÑOS', 'PZA', 'QUIMO', 30.000, false);
INSERT INTO productosreventa (id_prev, proveedor, nombre_prev, unidad_medida_prev, area_prev, cantidad_prev, estatus_prev) VALUES (57, 39, 'FRANELA DE MICROFIBRA ROJA', 'PZA', 'QUIMO', 40.000, false);
INSERT INTO productosreventa (id_prev, proveedor, nombre_prev, unidad_medida_prev, area_prev, cantidad_prev, estatus_prev) VALUES (58, 39, 'CEPILLOS DE MANO', 'PZA', 'QUIMO', 50.000, false);
INSERT INTO productosreventa (id_prev, proveedor, nombre_prev, unidad_medida_prev, area_prev, cantidad_prev, estatus_prev) VALUES (59, 39, 'MICROFIBRA TELA MED', 'PZA', 'QUIMO', 30.000, false);
INSERT INTO productosreventa (id_prev, proveedor, nombre_prev, unidad_medida_prev, area_prev, cantidad_prev, estatus_prev) VALUES (60, 39, 'MICROFIBRA TELA GDE', 'PZA', 'QUIMO', 30.000, false);
INSERT INTO productosreventa (id_prev, proveedor, nombre_prev, unidad_medida_prev, area_prev, cantidad_prev, estatus_prev) VALUES (61, 39, 'PABILO MED', 'PZA', 'QUIMO', 50.000, false);
INSERT INTO productosreventa (id_prev, proveedor, nombre_prev, unidad_medida_prev, area_prev, cantidad_prev, estatus_prev) VALUES (62, 39, 'PABILO GDE', 'PZA', 'QUIMO', 50.000, false);
INSERT INTO productosreventa (id_prev, proveedor, nombre_prev, unidad_medida_prev, area_prev, cantidad_prev, estatus_prev) VALUES (63, 39, 'PABILAZA MED', 'PZA', 'QUIMO', 40.000, false);
INSERT INTO productosreventa (id_prev, proveedor, nombre_prev, unidad_medida_prev, area_prev, cantidad_prev, estatus_prev) VALUES (64, 39, 'PABILAZA GDE', 'PZA', 'QUIMO', 40.000, false);
INSERT INTO productosreventa (id_prev, proveedor, nombre_prev, unidad_medida_prev, area_prev, cantidad_prev, estatus_prev) VALUES (65, 39, 'HILAZA MED', 'PZA', 'QUIMO', 60.000, false);
INSERT INTO productosreventa (id_prev, proveedor, nombre_prev, unidad_medida_prev, area_prev, cantidad_prev, estatus_prev) VALUES (66, 39, 'HILAZA GDE', 'PZA', 'QUIMO', 60.000, false);
INSERT INTO productosreventa (id_prev, proveedor, nombre_prev, unidad_medida_prev, area_prev, cantidad_prev, estatus_prev) VALUES (67, 39, 'HILAZA COLORES', 'PZA', 'QUIMO', 50.000, false);
INSERT INTO productosreventa (id_prev, proveedor, nombre_prev, unidad_medida_prev, area_prev, cantidad_prev, estatus_prev) VALUES (68, 39, 'GASA (RAYON) MED', 'PZA', 'QUIMO', 40.000, false);
INSERT INTO productosreventa (id_prev, proveedor, nombre_prev, unidad_medida_prev, area_prev, cantidad_prev, estatus_prev) VALUES (69, 39, 'GASA (RAYON) GDE', 'PZA', 'QUIMO', 40.000, false);
INSERT INTO productosreventa (id_prev, proveedor, nombre_prev, unidad_medida_prev, area_prev, cantidad_prev, estatus_prev) VALUES (70, 39, 'MICROFIBRA ESPAÑOLA MED', 'PZA', 'QUIMO', 30.000, false);
INSERT INTO productosreventa (id_prev, proveedor, nombre_prev, unidad_medida_prev, area_prev, cantidad_prev, estatus_prev) VALUES (71, 39, 'MICROFIBRA ESPAÑOLA GDE', 'PZA', 'QUIMO', 30.000, false);
INSERT INTO productosreventa (id_prev, proveedor, nombre_prev, unidad_medida_prev, area_prev, cantidad_prev, estatus_prev) VALUES (72, 39, 'CEPILLO PARA TALLAR', 'PZA', 'QUIMO', 20.000, false);
INSERT INTO productosreventa (id_prev, proveedor, nombre_prev, unidad_medida_prev, area_prev, cantidad_prev, estatus_prev) VALUES (73, 30, 'JALADOR DE VIDRIO C/ESPONJA', 'PZA', 'QUIMO', 15.000, false);
INSERT INTO productosreventa (id_prev, proveedor, nombre_prev, unidad_medida_prev, area_prev, cantidad_prev, estatus_prev) VALUES (74, 30, 'JALADOR DE PISO 40 CM', 'PZA', 'QUIMO', 15.000, false);
INSERT INTO productosreventa (id_prev, proveedor, nombre_prev, unidad_medida_prev, area_prev, cantidad_prev, estatus_prev) VALUES (75, 30, 'JALADOR DE PISO 50 CM', 'PZA', 'QUIMO', 15.000, false);
INSERT INTO productosreventa (id_prev, proveedor, nombre_prev, unidad_medida_prev, area_prev, cantidad_prev, estatus_prev) VALUES (76, 30, 'JALADOR DE PISO 1 M REFORZADO', 'PZA', 'QUIMO', 10.000, false);
INSERT INTO productosreventa (id_prev, proveedor, nombre_prev, unidad_medida_prev, area_prev, cantidad_prev, estatus_prev) VALUES (77, 36, 'ENVASE PET 1 LT', 'PZA', 'QUIMO', 100.000, false);
INSERT INTO productosreventa (id_prev, proveedor, nombre_prev, unidad_medida_prev, area_prev, cantidad_prev, estatus_prev) VALUES (78, 36, 'ENVASE BOSTON 1 LT', 'PZA', 'QUIMO', 100.000, false);
INSERT INTO productosreventa (id_prev, proveedor, nombre_prev, unidad_medida_prev, area_prev, cantidad_prev, estatus_prev) VALUES (79, 36, 'ENVASE ALCOHOLERO 1 LT', 'PZA', 'QUIMO', 80.000, false);
INSERT INTO productosreventa (id_prev, proveedor, nombre_prev, unidad_medida_prev, area_prev, cantidad_prev, estatus_prev) VALUES (80, 36, 'ENVASE PIÑA PET 5 LT', 'PZA', 'QUIMO', 50.000, false);

